Site ,Date ,Ordinal Date,Year,GPP,Hurricane,,,,,,,,,,,,,,,,,,,
Louisana,1/1/2000,1,2000,NA,NA,,,,,,,,,,,,,,,,,,,
Louisana,1/17/2000,17,2000,NA,NA,,,,,,,,,,,,,,,,,,,
Louisana,2/2/2000,33,2000,NA,NA,,,,,,,,,,,,,,,,,,,
Louisana,2/18/2000,49,2000,NA,NA,,,,,,,,,,,,,,,,,,,
Louisana,3/6/2000,65,2000,NA,NA,,,,,,,,,,,,,,,,,,,
Louisana,3/22/2000,81,2000,0.360711796,NA,,,,,,,,,,,,,,,,,,,
Louisana,4/7/2000,97,2000,0.370482773,NA,,,,,,,,,,,,,,,,,,,
Louisana,4/23/2000,113,2000,0.45255489,NA,,,,,,,,,,,,,,,,,,,
Louisana,5/9/2000,129,2000,0.534645864,NA,,,,,,,,,,,,,,,,,,,
Louisana,5/25/2000,145,2000,0.581748059,NA,,,,,,,,,,,,,,,,,,,
Louisana,6/10/2000,161,2000,0.56884187,NA,,,,,,,,,,,,,,,,,,,
Louisana,6/26/2000,177,2000,0.565980697,NA,,,,,,,,,,,,,,,,,,,
Louisana,7/12/2000,193,2000,0.535717841,NA,,,,,,,,,,,,,,,,,,,
Louisana,7/28/2000,209,2000,0.536340879,NA,,,,,,,,,,,,,,,,,,,
Louisana,8/13/2000,225,2000,0.549979653,NA,,,,,,,,,,,,,,,,,,,
Louisana,8/29/2000,241,2000,0.542090918,NA,,,,,,,,,,,,,,,,,,,
Louisana,9/14/2000,258,2000,0.48374303,NA,,,,,,,,,,,,,,,,,,,
Louisana,9/30/2000,273,2000,0.389153098,NA,,,,,,,,,,,,,,,,,,,
Louisana,10/16/2000,289,2000,0.396417212,NA,,,,,,,,,,,,,,,,,,,
Louisana,11/1/2000,305,2000,0.281279397,NA,,,,,,,,,,,,,,,,,,,
Louisana,11/17/2000,321,2000,0.1446825,NA,,,,,,,,,,,,,,,,,,,
Louisana,12/3/2000,337,2000,0.131618181,NA,,,,,,,,,,,,,,,,,,,
Louisana,12/19/2000,353,2000,0.078024205,NA,,,,,,,,,,,,,,,,,,,
Louisana,1/1/2001,1,2001,0.081696848,NA,,,,,,,,,,,,,,,,,,,
Louisana,1/17/2001,17,2001,0.099133273,NA,,,,,,,,,,,,,,,,,,,
Louisana,2/2/2001,33,2001,0.135756611,NA,,,,,,,,,,,,,,,,,,,
Louisana,2/18/2001,49,2001,0.195698814,NA,,,,,,,,,,,,,,,,,,,
Louisana,3/6/2001,65,2001,0.201599136,NA,,,,,,,,,,,,,,,,,,,
Louisana,3/22/2001,81,2001,0.271330948,NA,,,,,,,,,,,,,,,,,,,
Louisana,4/7/2001,97,2001,0.439489919,NA,,,,,,,,,,,,,,,,,,,
Louisana,4/23/2001,113,2001,0.436137494,NA,,,,,,,,,,,,,,,,,,,
Louisana,5/9/2001,129,2001,0.501209132,NA,,,,,,,,,,,,,,,,,,,
Louisana,5/25/2001,145,2001,0.571698935,NA,,,,,,,,,,,,,,,,,,,
Louisana,6/10/2001,161,2001,0.562798505,NA,,,,,,,,,,,,,,,,,,,
Louisana,6/26/2001,177,2001,0.529295304,NA,,,,,,,,,,,,,,,,,,,
Louisana,7/12/2001,193,2001,0.601162998,NA,,,,,,,,,,,,,,,,,,,
Louisana,7/28/2001,209,2001,0.567336047,NA,,,,,,,,,,,,,,,,,,,
Louisana,8/13/2001,225,2001,0.556249667,NA,,,,,,,,,,,,,,,,,,,
Louisana,8/29/2001,241,2001,0.500320297,NA,,,,,,,,,,,,,,,,,,,
Louisana,9/14/2001,258,2001,0.45532769,NA,,,,,,,,,,,,,,,,,,,
Louisana,9/30/2001,273,2001,0.347535204,NA,,,,,,,,,,,,,,,,,,,
Louisana,10/16/2001,289,2001,0.306338237,NA,,,,,,,,,,,,,,,,,,,
Louisana,11/1/2001,305,2001,0.277299313,NA,,,,,,,,,,,,,,,,,,,
Louisana,11/17/2001,321,2001,0.203702968,NA,,,,,,,,,,,,,,,,,,,
Louisana,12/3/2001,337,2001,0.194909709,NA,,,,,,,,,,,,,,,,,,,
Louisana,12/19/2001,353,2001,0.114990496,NA,,,,,,,,,,,,,,,,,,,
Louisana,1/1/2002,1,2002,0.087999565,NA,,,,,,,,,,,,,,,,,,,
Louisana,1/17/2002,17,2002,0.15255383,NA,,,,,,,,,,,,,,,,,,,
Louisana,2/2/2002,33,2002,0.10502013,NA,,,,,,,,,,,,,,,,,,,
Louisana,2/18/2002,49,2002,0.118724913,NA,,,,,,,,,,,,,,,,,,,
Louisana,3/6/2002,65,2002,0.182024322,NA,,,,,,,,,,,,,,,,,,,
Louisana,3/22/2002,81,2002,0.234114379,NA,,,,,,,,,,,,,,,,,,,
Louisana,4/7/2002,97,2002,0.360406652,NA,,,,,,,,,,,,,,,,,,,
Louisana,4/23/2002,113,2002,0.445532994,NA,,,,,,,,,,,,,,,,,,,
Louisana,5/9/2002,129,2002,0.512151373,NA,,,,,,,,,,,,,,,,,,,
Louisana,5/25/2002,145,2002,0.531912334,NA,,,,,,,,,,,,,,,,,,,
Louisana,6/10/2002,161,2002,0.555936447,NA,,,,,,,,,,,,,,,,,,,
Louisana,6/26/2002,177,2002,0.572911302,NA,,,,,,,,,,,,,,,,,,,
Louisana,7/12/2002,193,2002,0.555332526,NA,,,,,,,,,,,,,,,,,,,
Louisana,7/28/2002,209,2002,0.592879506,NA,,,,,,,,,,,,,,,,,,,
Louisana,8/13/2002,225,2002,0.581138767,NA,,,,,,,,,,,,,,,,,,,
Louisana,8/29/2002,241,2002,0.528040557,NA,,,,,,,,,,,,,,,,,,,
Louisana,9/14/2002,258,2002,0.441169482,NA,,,,,,,,,,,,,,,,,,,
Louisana,9/30/2002,273,2002,0.376609534,NA,,,,,,,,,,,,,,,,,,,
Louisana,10/16/2002,289,2002,0.292790114,NA,,,,,,,,,,,,,,,,,,,
Louisana,11/1/2002,305,2002,0.184441418,NA,,,,,,,,,,,,,,,,,,,
Louisana,11/17/2002,321,2002,0.156851762,NA,,,,,,,,,,,,,,,,,,,
Louisana,12/3/2002,337,2002,0.126656895,NA,,,,,,,,,,,,,,,,,,,
Louisana,12/19/2002,353,2002,0.119198728,NA,,,,,,,,,,,,,,,,,,,
Louisana,1/1/2003,1,2003,0.09327839,NA,,,,,,,,,,,,,,,,,,,
Louisana,1/17/2003,17,2003,0.082623333,NA,,,,,,,,,,,,,,,,,,,
Louisana,2/2/2003,33,2003,0.103134522,NA,,,,,,,,,,,,,,,,,,,
Louisana,2/18/2003,49,2003,0.140770526,NA,,,,,,,,,,,,,,,,,,,
Louisana,3/6/2003,65,2003,0.197954938,NA,,,,,,,,,,,,,,,,,,,
Louisana,3/22/2003,81,2003,0.257015296,NA,,,,,,,,,,,,,,,,,,,
Louisana,4/7/2003,97,2003,0.321543126,NA,,,,,,,,,,,,,,,,,,,
Louisana,4/23/2003,113,2003,0.443498092,NA,,,,,,,,,,,,,,,,,,,
Louisana,5/9/2003,129,2003,0.527249765,NA,,,,,,,,,,,,,,,,,,,
Louisana,5/25/2003,145,2003,0.518174076,NA,,,,,,,,,,,,,,,,,,,
Louisana,6/10/2003,161,2003,0.550800103,NA,,,,,,,,,,,,,,,,,,,
Louisana,6/26/2003,177,2003,0.600483348,NA,,,,,,,,,,,,,,,,,,,
Louisana,7/12/2003,193,2003,0.577620232,NA,,,,,,,,,,,,,,,,,,,
Louisana,7/28/2003,209,2003,0.561366939,NA,,,,,,,,,,,,,,,,,,,
Louisana,8/13/2003,225,2003,0.55868196,NA,,,,,,,,,,,,,,,,,,,
Louisana,8/29/2003,241,2003,0.518546254,NA,,,,,,,,,,,,,,,,,,,
Louisana,9/14/2003,258,2003,0.466911697,NA,,,,,,,,,,,,,,,,,,,
Louisana,9/30/2003,273,2003,0.374682662,NA,,,,,,,,,,,,,,,,,,,
Louisana,10/16/2003,289,2003,0.327933249,NA,,,,,,,,,,,,,,,,,,,
Louisana,11/1/2003,305,2003,0.275571236,NA,,,,,,,,,,,,,,,,,,,
Louisana,11/17/2003,321,2003,0.186398987,NA,,,,,,,,,,,,,,,,,,,
Louisana,12/3/2003,337,2003,0.113558843,NA,,,,,,,,,,,,,,,,,,,
Louisana,12/19/2003,353,2003,0.134751888,NA,,,,,,,,,,,,,,,,,,,
Louisana,1/1/2004,1,2004,0.103156591,NA,,,,,,,,,,,,,,,,,,,
Louisana,1/17/2004,17,2004,0.094876883,NA,,,,,,,,,,,,,,,,,,,
Louisana,2/2/2004,33,2004,0.080233156,NA,,,,,,,,,,,,,,,,,,,
Louisana,2/18/2004,49,2004,0.134943723,NA,,,,,,,,,,,,,,,,,,,
Louisana,3/6/2004,65,2004,0.22489841,NA,,,,,,,,,,,,,,,,,,,
Louisana,3/22/2004,81,2004,0.273485667,NA,,,,,,,,,,,,,,,,,,,
Louisana,4/7/2004,97,2004,0.355246669,NA,,,,,,,,,,,,,,,,,,,
Louisana,4/23/2004,113,2004,0.436024644,NA,,,,,,,,,,,,,,,,,,,
Louisana,5/9/2004,129,2004,0.513553385,NA,,,,,,,,,,,,,,,,,,,
Louisana,5/25/2004,145,2004,0.551499164,NA,,,,,,,,,,,,,,,,,,,
Louisana,6/10/2004,161,2004,0.573784926,NA,,,,,,,,,,,,,,,,,,,
Louisana,6/26/2004,177,2004,0.572327925,NA,,,,,,,,,,,,,,,,,,,
Louisana,7/12/2004,193,2004,0.602195229,NA,,,,,,,,,,,,,,,,,,,
Louisana,7/28/2004,209,2004,0.562922142,NA,,,,,,,,,,,,,,,,,,,
Louisana,8/13/2004,225,2004,0.585553256,NA,,,,,,,,,,,,,,,,,,,
Louisana,8/29/2004,241,2004,0.534444849,NA,,,,,,,,,,,,,,,,,,,
Louisana,9/14/2004,258,2004,0.425964395,NA,,,,,,,,,,,,,,,,,,,
Louisana,9/30/2004,273,2004,0.341694009,NA,,,,,,,,,,,,,,,,,,,
Louisana,10/16/2004,289,2004,0.366994489,NA,,,,,,,,,,,,,,,,,,,
Louisana,11/1/2004,305,2004,0.24182654,NA,,,,,,,,,,,,,,,,,,,
Louisana,11/17/2004,321,2004,0.233812054,NA,,,,,,,,,,,,,,,,,,,
Louisana,12/3/2004,337,2004,0.14682453,NA,,,,,,,,,,,,,,,,,,,
Louisana,12/19/2004,353,2004,0.114726767,NA,,,,,,,,,,,,,,,,,,,
Louisana,1/1/2005,1,2005,0.119372048,Katrina,,,,,,,,,,,,,,,,,,,
Louisana,1/17/2005,17,2005,0.090850631,Katrina,,,,,,,,,,,,,,,,,,,
Louisana,2/2/2005,33,2005,0.099193142,Katrina,,,,,,,,,,,,,,,,,,,
Louisana,2/18/2005,49,2005,0.14501519,Katrina,,,,,,,,,,,,,,,,,,,
Louisana,3/6/2005,65,2005,0.195764825,Katrina,,,,,,,,,,,,,,,,,,,
Louisana,3/22/2005,81,2005,0.220301578,Katrina,,,,,,,,,,,,,,,,,,,
Louisana,4/7/2005,97,2005,0.350057926,Katrina,,,,,,,,,,,,,,,,,,,
Louisana,4/23/2005,113,2005,0.351371337,Katrina,,,,,,,,,,,,,,,,,,,
Louisana,5/9/2005,129,2005,0.508332568,Katrina,,,,,,,,,,,,,,,,,,,
Louisana,5/25/2005,145,2005,0.545768401,Katrina,,,,,,,,,,,,,,,,,,,
Louisana,6/10/2005,161,2005,0.574848553,Katrina,,,,,,,,,,,,,,,,,,,
Louisana,6/26/2005,177,2005,0.569910048,Katrina,,,,,,,,,,,,,,,,,,,
Louisana,7/12/2005,193,2005,0.566121026,Katrina,,,,,,,,,,,,,,,,,,,
Louisana,7/28/2005,209,2005,0.560222344,Katrina,,,,,,,,,,,,,,,,,,,
Louisana,8/13/2005,225,2005,0.58051999,Katrina,,,,,,,,,,,,,,,,,,,
Louisana,8/29/2005,241,2005,0.284545701,Katrina,,,,,,,,,,,,,,,,,,,
Louisana,9/14/2005,258,2005,0.306436727,Katrina,,,,,,,,,,,,,,,,,,,
Louisana,9/30/2005,273,2005,0.273620392,Katrina,,,,,,,,,,,,,,,,,,,
Louisana,10/16/2005,289,2005,0.218811181,Katrina,,,,,,,,,,,,,,,,,,,
Louisana,11/1/2005,305,2005,0.182772123,Katrina,,,,,,,,,,,,,,,,,,,
Louisana,11/17/2005,321,2005,0.129252751,Katrina,,,,,,,,,,,,,,,,,,,
Louisana,12/3/2005,337,2005,0.083689292,Katrina,,,,,,,,,,,,,,,,,,,
Louisana,12/19/2005,353,2005,0.097873626,Katrina,,,,,,,,,,,,,,,,,,,
Louisana,1/1/2006,1,2006,0.118601434,NA,,,,,,,,,,,,,,,,,,,
Louisana,1/17/2006,17,2006,0.113552259,NA,,,,,,,,,,,,,,,,,,,
Louisana,2/2/2006,33,2006,0.126346664,NA,,,,,,,,,,,,,,,,,,,
Louisana,2/18/2006,49,2006,0.139764645,NA,,,,,,,,,,,,,,,,,,,
Louisana,3/6/2006,65,2006,0.251122631,NA,,,,,,,,,,,,,,,,,,,
Louisana,3/22/2006,81,2006,0.23652438,NA,,,,,,,,,,,,,,,,,,,
Louisana,4/7/2006,97,2006,0.386763723,NA,,,,,,,,,,,,,,,,,,,
Louisana,4/23/2006,113,2006,0.412947188,NA,,,,,,,,,,,,,,,,,,,
Louisana,5/9/2006,129,2006,0.439092871,NA,,,,,,,,,,,,,,,,,,,
Louisana,5/25/2006,145,2006,0.558308053,NA,,,,,,,,,,,,,,,,,,,
Louisana,6/10/2006,161,2006,0.574668408,NA,,,,,,,,,,,,,,,,,,,
Louisana,6/26/2006,177,2006,0.579253246,NA,,,,,,,,,,,,,,,,,,,
Louisana,7/12/2006,193,2006,0.619310428,NA,,,,,,,,,,,,,,,,,,,
Louisana,7/28/2006,209,2006,0.597388217,NA,,,,,,,,,,,,,,,,,,,
Louisana,8/13/2006,225,2006,0.599407821,NA,,,,,,,,,,,,,,,,,,,
Louisana,8/29/2006,241,2006,0.554416028,NA,,,,,,,,,,,,,,,,,,,
Louisana,9/14/2006,258,2006,0.527261256,NA,,,,,,,,,,,,,,,,,,,
Louisana,9/30/2006,273,2006,0.479997419,NA,,,,,,,,,,,,,,,,,,,
Louisana,10/16/2006,289,2006,0.307618062,NA,,,,,,,,,,,,,,,,,,,
Louisana,11/1/2006,305,2006,0.242644273,NA,,,,,,,,,,,,,,,,,,,
Louisana,11/17/2006,321,2006,0.185361168,NA,,,,,,,,,,,,,,,,,,,
Louisana,12/3/2006,337,2006,0.12237345,NA,,,,,,,,,,,,,,,,,,,
Louisana,12/19/2006,353,2006,0.114010794,NA,,,,,,,,,,,,,,,,,,,
Louisana,1/1/2007,1,2007,0.11898397,NA,,,,,,,,,,,,,,,,,,,
Louisana,1/17/2007,17,2007,0.059682551,NA,,,,,,,,,,,,,,,,,,,
Louisana,2/2/2007,33,2007,0.098485784,NA,,,,,,,,,,,,,,,,,,,
Louisana,2/18/2007,49,2007,0.156610085,NA,,,,,,,,,,,,,,,,,,,
Louisana,3/6/2007,65,2007,0.205400273,NA,,,,,,,,,,,,,,,,,,,
Louisana,3/22/2007,81,2007,0.325516967,NA,,,,,,,,,,,,,,,,,,,
Louisana,4/7/2007,97,2007,0.320343552,NA,,,,,,,,,,,,,,,,,,,
Louisana,4/23/2007,113,2007,0.467081293,NA,,,,,,,,,,,,,,,,,,,
Louisana,5/9/2007,129,2007,0.502589786,NA,,,,,,,,,,,,,,,,,,,
Louisana,5/25/2007,145,2007,0.533081358,NA,,,,,,,,,,,,,,,,,,,
Louisana,6/10/2007,161,2007,0.584194844,NA,,,,,,,,,,,,,,,,,,,
Louisana,6/26/2007,177,2007,0.534143934,NA,,,,,,,,,,,,,,,,,,,
Louisana,7/12/2007,193,2007,0.588135335,NA,,,,,,,,,,,,,,,,,,,
Louisana,7/28/2007,209,2007,0.560018067,NA,,,,,,,,,,,,,,,,,,,
Louisana,8/13/2007,225,2007,0.579415613,NA,,,,,,,,,,,,,,,,,,,
Louisana,8/29/2007,241,2007,0.587033465,NA,,,,,,,,,,,,,,,,,,,
Louisana,9/14/2007,258,2007,0.567941888,NA,,,,,,,,,,,,,,,,,,,
Louisana,9/30/2007,273,2007,0.439435604,NA,,,,,,,,,,,,,,,,,,,
Louisana,10/16/2007,289,2007,0.3088399,NA,,,,,,,,,,,,,,,,,,,
Louisana,11/1/2007,305,2007,0.276966684,NA,,,,,,,,,,,,,,,,,,,
Louisana,11/17/2007,321,2007,0.214424143,NA,,,,,,,,,,,,,,,,,,,
Louisana,12/3/2007,337,2007,0.15654591,NA,,,,,,,,,,,,,,,,,,,
Louisana,12/19/2007,353,2007,0.110575229,NA,,,,,,,,,,,,,,,,,,,
Louisana,1/1/2008,1,2008,0.126643829,Gustav,,,,,,,,,,,,,,,,,,,
Louisana,1/17/2008,17,2008,0.08835388,Gustav,,,,,,,,,,,,,,,,,,,
Louisana,2/2/2008,33,2008,0.177808639,Gustav,,,,,,,,,,,,,,,,,,,
Louisana,2/18/2008,49,2008,0.157623167,Gustav,,,,,,,,,,,,,,,,,,,
Louisana,3/6/2008,65,2008,0.197928424,Gustav,,,,,,,,,,,,,,,,,,,
Louisana,3/22/2008,81,2008,0.286186364,Gustav,,,,,,,,,,,,,,,,,,,
Louisana,4/7/2008,97,2008,0.294374733,Gustav,,,,,,,,,,,,,,,,,,,
Louisana,4/23/2008,113,2008,0.42075745,Gustav,,,,,,,,,,,,,,,,,,,
Louisana,5/9/2008,129,2008,0.460596661,Gustav,,,,,,,,,,,,,,,,,,,
Louisana,5/25/2008,145,2008,0.497607702,Gustav,,,,,,,,,,,,,,,,,,,
Louisana,6/10/2008,161,2008,0.561314071,Gustav,,,,,,,,,,,,,,,,,,,
Louisana,6/26/2008,177,2008,0.557959226,Gustav,,,,,,,,,,,,,,,,,,,
Louisana,7/12/2008,193,2008,0.610615756,Gustav,,,,,,,,,,,,,,,,,,,
Louisana,7/28/2008,209,2008,0.621479956,Gustav,,,,,,,,,,,,,,,,,,,
Louisana,8/13/2008,225,2008,0.587620533,Gustav,,,,,,,,,,,,,,,,,,,
Louisana,8/29/2008,241,2008,0.415510421,Gustav,,,,,,,,,,,,,,,,,,,
Louisana,9/14/2008,258,2008,0.33589882,Gustav,,,,,,,,,,,,,,,,,,,
Louisana,9/30/2008,273,2008,0.330079232,Gustav,,,,,,,,,,,,,,,,,,,
Louisana,10/16/2008,289,2008,0.278079166,Gustav,,,,,,,,,,,,,,,,,,,
Louisana,11/1/2008,305,2008,0.213312115,Gustav,,,,,,,,,,,,,,,,,,,
Louisana,11/17/2008,321,2008,0.150194376,Gustav,,,,,,,,,,,,,,,,,,,
Louisana,12/3/2008,337,2008,0.099493768,Gustav,,,,,,,,,,,,,,,,,,,
Louisana,12/19/2008,353,2008,0.125175319,Gustav,,,,,,,,,,,,,,,,,,,
Louisana,1/1/2009,1,2009,0.113992547,NA,,,,,,,,,,,,,,,,,,,
Louisana,1/17/2009,17,2009,0.09936821,NA,,,,,,,,,,,,,,,,,,,
Louisana,2/2/2009,33,2009,0.130115822,NA,,,,,,,,,,,,,,,,,,,
Louisana,2/18/2009,49,2009,0.143337628,NA,,,,,,,,,,,,,,,,,,,
Louisana,3/6/2009,65,2009,0.240724344,NA,,,,,,,,,,,,,,,,,,,
Louisana,3/22/2009,81,2009,0.231021537,NA,,,,,,,,,,,,,,,,,,,
Louisana,4/7/2009,97,2009,0.33490807,NA,,,,,,,,,,,,,,,,,,,
Louisana,4/23/2009,113,2009,0.452440994,NA,,,,,,,,,,,,,,,,,,,
Louisana,5/9/2009,129,2009,0.4009699,NA,,,,,,,,,,,,,,,,,,,
Louisana,5/25/2009,145,2009,0.466439993,NA,,,,,,,,,,,,,,,,,,,
Louisana,6/10/2009,161,2009,0.501436365,NA,,,,,,,,,,,,,,,,,,,
Louisana,6/26/2009,177,2009,0.610511117,NA,,,,,,,,,,,,,,,,,,,
Louisana,7/12/2009,193,2009,0.624516397,NA,,,,,,,,,,,,,,,,,,,
Louisana,7/28/2009,209,2009,0.632249765,NA,,,,,,,,,,,,,,,,,,,
Louisana,8/13/2009,225,2009,0.581807689,NA,,,,,,,,,,,,,,,,,,,
Louisana,8/29/2009,241,2009,0.515962448,NA,,,,,,,,,,,,,,,,,,,
Louisana,9/14/2009,258,2009,0.463980479,NA,,,,,,,,,,,,,,,,,,,
Louisana,9/30/2009,273,2009,0.362701351,NA,,,,,,,,,,,,,,,,,,,
Louisana,10/16/2009,289,2009,0.281928883,NA,,,,,,,,,,,,,,,,,,,
Louisana,11/1/2009,305,2009,0.231486848,NA,,,,,,,,,,,,,,,,,,,
Louisana,11/17/2009,321,2009,0.155606901,NA,,,,,,,,,,,,,,,,,,,
Louisana,12/3/2009,337,2009,0.078560444,NA,,,,,,,,,,,,,,,,,,,
Louisana,12/19/2009,353,2009,0.089732024,NA,,,,,,,,,,,,,,,,,,,
Louisana,1/1/2010,1,2010,0.04245002,NA,,,,,,,,,,,,,,,,,,,
Louisana,1/17/2010,17,2010,0.101807794,NA,,,,,,,,,,,,,,,,,,,
Louisana,2/2/2010,33,2010,0.067784078,NA,,,,,,,,,,,,,,,,,,,
Louisana,2/18/2010,49,2010,0.09709861,NA,,,,,,,,,,,,,,,,,,,
Louisana,3/6/2010,65,2010,0.158526755,NA,,,,,,,,,,,,,,,,,,,
Louisana,3/22/2010,81,2010,0.190439822,NA,,,,,,,,,,,,,,,,,,,
Louisana,4/7/2010,97,2010,0.285933927,NA,,,,,,,,,,,,,,,,,,,
Louisana,4/23/2010,113,2010,0.40303726,NA,,,,,,,,,,,,,,,,,,,
Louisana,5/9/2010,129,2010,0.5143766,NA,,,,,,,,,,,,,,,,,,,
Louisana,5/25/2010,145,2010,0.566689456,NA,,,,,,,,,,,,,,,,,,,
Louisana,6/10/2010,161,2010,0.572730462,NA,,,,,,,,,,,,,,,,,,,
Louisana,6/26/2010,177,2010,0.571161178,NA,,,,,,,,,,,,,,,,,,,
Louisana,7/12/2010,193,2010,0.589769324,NA,,,,,,,,,,,,,,,,,,,
Louisana,7/28/2010,209,2010,0.574766528,NA,,,,,,,,,,,,,,,,,,,
Louisana,8/13/2010,225,2010,0.589385097,NA,,,,,,,,,,,,,,,,,,,
Louisana,8/29/2010,241,2010,0.543094555,NA,,,,,,,,,,,,,,,,,,,
Louisana,9/14/2010,258,2010,0.479082829,NA,,,,,,,,,,,,,,,,,,,
Louisana,9/30/2010,273,2010,0.378612724,NA,,,,,,,,,,,,,,,,,,,
Louisana,10/16/2010,289,2010,0.34142161,NA,,,,,,,,,,,,,,,,,,,
Louisana,11/1/2010,305,2010,0.251491086,NA,,,,,,,,,,,,,,,,,,,
Louisana,11/17/2010,321,2010,0.182756762,NA,,,,,,,,,,,,,,,,,,,
Louisana,12/3/2010,337,2010,0.101777888,NA,,,,,,,,,,,,,,,,,,,
Louisana,12/19/2010,353,2010,0.08928132,NA,,,,,,,,,,,,,,,,,,,
Louisana,1/1/2011,1,2011,0.069549972,NA,,,,,,,,,,,,,,,,,,,
Louisana,1/17/2011,17,2011,0.086903929,NA,,,,,,,,,,,,,,,,,,,
Louisana,2/2/2011,33,2011,0.068917718,NA,,,,,,,,,,,,,,,,,,,
Louisana,2/18/2011,49,2011,0.192564416,NA,,,,,,,,,,,,,,,,,,,
Louisana,3/6/2011,65,2011,0.246833394,NA,,,,,,,,,,,,,,,,,,,
Louisana,3/22/2011,81,2011,0.319795413,NA,,,,,,,,,,,,,,,,,,,
Louisana,4/7/2011,97,2011,0.483921582,NA,,,,,,,,,,,,,,,,,,,
Louisana,4/23/2011,113,2011,0.527985152,NA,,,,,,,,,,,,,,,,,,,
Louisana,5/9/2011,129,2011,0.518155388,NA,,,,,,,,,,,,,,,,,,,
Louisana,5/25/2011,145,2011,0.581558356,NA,,,,,,,,,,,,,,,,,,,
Louisana,6/10/2011,161,2011,0.598407312,NA,,,,,,,,,,,,,,,,,,,
Louisana,6/26/2011,177,2011,0.60740211,NA,,,,,,,,,,,,,,,,,,,
Louisana,7/12/2011,193,2011,0.575546297,NA,,,,,,,,,,,,,,,,,,,
Louisana,7/28/2011,209,2011,0.626898448,NA,,,,,,,,,,,,,,,,,,,
Louisana,8/13/2011,225,2011,0.59975309,NA,,,,,,,,,,,,,,,,,,,
Louisana,8/29/2011,241,2011,0.455790249,NA,,,,,,,,,,,,,,,,,,,
Louisana,9/14/2011,258,2011,0.414934186,NA,,,,,,,,,,,,,,,,,,,
Louisana,9/30/2011,273,2011,0.361830695,NA,,,,,,,,,,,,,,,,,,,
Louisana,10/16/2011,289,2011,0.286125923,NA,,,,,,,,,,,,,,,,,,,
Louisana,11/1/2011,305,2011,0.223427863,NA,,,,,,,,,,,,,,,,,,,
Louisana,11/17/2011,321,2011,0.175418722,NA,,,,,,,,,,,,,,,,,,,
Louisana,12/3/2011,337,2011,0.121902838,NA,,,,,,,,,,,,,,,,,,,
Louisana,12/19/2011,353,2011,0.122637685,NA,,,,,,,,,,,,,,,,,,,
Louisana,1/1/2012,1,2012,0.117454527,Isaac,,,,,,,,,,,,,,,,,,,
Louisana,1/17/2012,17,2012,0.164326589,Isaac,,,,,,,,,,,,,,,,,,,
Louisana,2/2/2012,33,2012,0.137455152,Isaac,,,,,,,,,,,,,,,,,,,
Louisana,2/18/2012,49,2012,0.170195288,Isaac,,,,,,,,,,,,,,,,,,,
Louisana,3/6/2012,65,2012,0.308479362,Isaac,,,,,,,,,,,,,,,,,,,
Louisana,3/22/2012,81,2012,0.370756448,Isaac,,,,,,,,,,,,,,,,,,,
Louisana,4/7/2012,97,2012,0.425213318,Isaac,,,,,,,,,,,,,,,,,,,
Louisana,4/23/2012,113,2012,0.486581196,Isaac,,,,,,,,,,,,,,,,,,,
Louisana,5/9/2012,129,2012,0.50338457,Isaac,,,,,,,,,,,,,,,,,,,
Louisana,5/25/2012,145,2012,0.580824745,Isaac,,,,,,,,,,,,,,,,,,,
Louisana,6/10/2012,161,2012,0.550209706,Isaac,,,,,,,,,,,,,,,,,,,
Louisana,6/26/2012,177,2012,0.521254695,Isaac,,,,,,,,,,,,,,,,,,,
Louisana,7/12/2012,193,2012,0.568212748,Isaac,,,,,,,,,,,,,,,,,,,
Louisana,7/28/2012,209,2012,0.562131738,Isaac,,,,,,,,,,,,,,,,,,,
Louisana,8/13/2012,225,2012,0.579028469,Isaac,,,,,,,,,,,,,,,,,,,
Louisana,8/29/2012,241,2012,0.325768384,Isaac,,,,,,,,,,,,,,,,,,,
Louisana,9/14/2012,258,2012,0.375862777,Isaac,,,,,,,,,,,,,,,,,,,
Louisana,9/30/2012,273,2012,0.313753891,Isaac,,,,,,,,,,,,,,,,,,,
Louisana,10/16/2012,289,2012,0.284779621,Isaac,,,,,,,,,,,,,,,,,,,
Louisana,11/1/2012,305,2012,0.215689213,Isaac,,,,,,,,,,,,,,,,,,,
Louisana,11/17/2012,321,2012,0.181105674,Isaac,,,,,,,,,,,,,,,,,,,
Louisana,12/3/2012,337,2012,0.152538353,Isaac,,,,,,,,,,,,,,,,,,,
Louisana,12/19/2012,353,2012,0.117076363,Isaac,,,,,,,,,,,,,,,,,,,
Louisana,1/1/2013,1,2013,0.077206231,NA,,,,,,,,,,,,,,,,,,,
Louisana,1/17/2013,17,2013,0.142423466,NA,,,,,,,,,,,,,,,,,,,
Louisana,2/2/2013,33,2013,0.133372081,NA,,,,,,,,,,,,,,,,,,,
Louisana,2/18/2013,49,2013,0.132301634,NA,,,,,,,,,,,,,,,,,,,
Louisana,3/6/2013,65,2013,0.184348118,NA,,,,,,,,,,,,,,,,,,,
Louisana,3/22/2013,81,2013,0.206851297,NA,,,,,,,,,,,,,,,,,,,
Louisana,4/7/2013,97,2013,0.322662416,NA,,,,,,,,,,,,,,,,,,,
Louisana,4/23/2013,113,2013,0.369316785,NA,,,,,,,,,,,,,,,,,,,
Louisana,5/9/2013,129,2013,0.451407075,NA,,,,,,,,,,,,,,,,,,,
Louisana,5/25/2013,145,2013,0.501739115,NA,,,,,,,,,,,,,,,,,,,
Louisana,6/10/2013,161,2013,0.542225958,NA,,,,,,,,,,,,,,,,,,,
Louisana,6/26/2013,177,2013,0.534591972,NA,,,,,,,,,,,,,,,,,,,
Louisana,7/12/2013,193,2013,0.56153664,NA,,,,,,,,,,,,,,,,,,,
Louisana,7/28/2013,209,2013,0.555665711,NA,,,,,,,,,,,,,,,,,,,
Louisana,8/13/2013,225,2013,0.55128686,NA,,,,,,,,,,,,,,,,,,,
Louisana,8/29/2013,241,2013,0.555178552,NA,,,,,,,,,,,,,,,,,,,
Louisana,9/14/2013,258,2013,0.442279966,NA,,,,,,,,,,,,,,,,,,,
Louisana,9/30/2013,273,2013,0.400498979,NA,,,,,,,,,,,,,,,,,,,
Louisana,10/16/2013,289,2013,0.288788927,NA,,,,,,,,,,,,,,,,,,,
Louisana,11/1/2013,305,2013,0.214378266,NA,,,,,,,,,,,,,,,,,,,
Louisana,11/17/2013,321,2013,0.130803595,NA,,,,,,,,,,,,,,,,,,,
Louisana,12/3/2013,337,2013,0.103613979,NA,,,,,,,,,,,,,,,,,,,
Louisana,12/19/2013,353,2013,0.077651984,NA,,,,,,,,,,,,,,,,,,,
Louisana,1/1/2014,1,2014,0.066477606,NA,,,,,,,,,,,,,,,,,,,
Louisana,1/17/2014,17,2014,0.059254695,NA,,,,,,,,,,,,,,,,,,,
Louisana,2/2/2014,33,2014,0.074536586,NA,,,,,,,,,,,,,,,,,,,
Louisana,2/18/2014,49,2014,0.11177208,NA,,,,,,,,,,,,,,,,,,,
Louisana,3/6/2014,65,2014,0.151285354,NA,,,,,,,,,,,,,,,,,,,
Louisana,3/22/2014,81,2014,0.195402441,NA,,,,,,,,,,,,,,,,,,,
Louisana,4/7/2014,97,2014,0.285288602,NA,,,,,,,,,,,,,,,,,,,
Louisana,4/23/2014,113,2014,0.412564588,NA,,,,,,,,,,,,,,,,,,,
Louisana,5/9/2014,129,2014,0.481173259,NA,,,,,,,,,,,,,,,,,,,
Louisana,5/25/2014,145,2014,0.53648389,NA,,,,,,,,,,,,,,,,,,,
Louisana,6/10/2014,161,2014,0.553862575,NA,,,,,,,,,,,,,,,,,,,
Louisana,6/26/2014,177,2014,0.554232481,NA,,,,,,,,,,,,,,,,,,,
Louisana,7/12/2014,193,2014,0.573968598,NA,,,,,,,,,,,,,,,,,,,
Louisana,7/28/2014,209,2014,0.55126709,NA,,,,,,,,,,,,,,,,,,,
Louisana,8/13/2014,225,2014,0.568502713,NA,,,,,,,,,,,,,,,,,,,
Louisana,8/29/2014,241,2014,0.568429354,NA,,,,,,,,,,,,,,,,,,,
Louisana,9/14/2014,258,2014,0.449334483,NA,,,,,,,,,,,,,,,,,,,
Louisana,9/30/2014,273,2014,0.434465924,NA,,,,,,,,,,,,,,,,,,,
Louisana,10/16/2014,289,2014,0.369499352,NA,,,,,,,,,,,,,,,,,,,
Louisana,11/1/2014,305,2014,0.191182781,NA,,,,,,,,,,,,,,,,,,,
Louisana,11/17/2014,321,2014,0.16284148,NA,,,,,,,,,,,,,,,,,,,
Louisana,12/3/2014,337,2014,0.153994846,NA,,,,,,,,,,,,,,,,,,,
Louisana,12/19/2014,353,2014,0.090653006,NA,,,,,,,,,,,,,,,,,,,
Louisana,1/1/2015,1,2015,0.088043024,NA,,,,,,,,,,,,,,,,,,,
Louisana,1/17/2015,17,2015,0.119135112,NA,,,,,,,,,,,,,,,,,,,
Louisana,2/2/2015,33,2015,0.114331641,NA,,,,,,,,,,,,,,,,,,,
Louisana,2/18/2015,49,2015,0.105556712,NA,,,,,,,,,,,,,,,,,,,
Louisana,3/6/2015,65,2015,0.201582397,NA,,,,,,,,,,,,,,,,,,,
Louisana,3/22/2015,81,2015,0.298233364,NA,,,,,,,,,,,,,,,,,,,
Louisana,4/7/2015,97,2015,0.445291133,NA,,,,,,,,,,,,,,,,,,,
Louisana,4/23/2015,113,2015,0.491408967,NA,,,,,,,,,,,,,,,,,,,
Louisana,5/9/2015,129,2015,0.531803791,NA,,,,,,,,,,,,,,,,,,,
Louisana,5/25/2015,145,2015,0.566193179,NA,,,,,,,,,,,,,,,,,,,
Louisana,6/10/2015,161,2015,0.569129255,NA,,,,,,,,,,,,,,,,,,,
Louisana,6/26/2015,177,2015,0.567880985,NA,,,,,,,,,,,,,,,,,,,
Louisana,7/12/2015,193,2015,0.556118802,NA,,,,,,,,,,,,,,,,,,,
Louisana,7/28/2015,209,2015,0.56940735,NA,,,,,,,,,,,,,,,,,,,
Louisana,8/13/2015,225,2015,0.552757744,NA,,,,,,,,,,,,,,,,,,,
Louisana,8/29/2015,241,2015,0.529957797,NA,,,,,,,,,,,,,,,,,,,
Louisana,9/14/2015,258,2015,0.480704544,NA,,,,,,,,,,,,,,,,,,,
Louisana,9/30/2015,273,2015,0.406411425,NA,,,,,,,,,,,,,,,,,,,
Louisana,10/16/2015,289,2015,0.287035557,NA,,,,,,,,,,,,,,,,,,,
Louisana,11/1/2015,305,2015,0.25014078,NA,,,,,,,,,,,,,,,,,,,
Louisana,11/17/2015,321,2015,0.20005836,NA,,,,,,,,,,,,,,,,,,,
Louisana,12/3/2015,337,2015,0.191775895,NA,,,,,,,,,,,,,,,,,,,
Louisana,12/19/2015,353,2015,0.172749728,NA,,,,,,,,,,,,,,,,,,,
Louisana,1/1/2016,1,2016,0.10133917,NA,,,,,,,,,,,,,,,,,,,
Louisana,1/17/2016,17,2016,0.114226887,NA,,,,,,,,,,,,,,,,,,,
Louisana,2/2/2016,33,2016,0.151854721,NA,,,,,,,,,,,,,,,,,,,
Louisana,2/18/2016,49,2016,0.219645982,NA,,,,,,,,,,,,,,,,,,,
Louisana,3/6/2016,65,2016,0.249195881,NA,,,,,,,,,,,,,,,,,,,
Louisana,3/22/2016,81,2016,0.226924959,NA,,,,,,,,,,,,,,,,,,,
Louisana,4/7/2016,97,2016,0.320888311,NA,,,,,,,,,,,,,,,,,,,
Louisana,4/23/2016,113,2016,0.423683995,NA,,,,,,,,,,,,,,,,,,,
Louisana,5/9/2016,129,2016,0.452080875,NA,,,,,,,,,,,,,,,,,,,
Louisana,5/25/2016,145,2016,0.54068625,NA,,,,,,,,,,,,,,,,,,,
Louisana,6/10/2016,161,2016,0.547655884,NA,,,,,,,,,,,,,,,,,,,
Louisana,6/26/2016,177,2016,0.570850742,NA,,,,,,,,,,,,,,,,,,,
Louisana,7/12/2016,193,2016,0.560118611,NA,,,,,,,,,,,,,,,,,,,
Louisana,7/28/2016,209,2016,0.584152882,NA,,,,,,,,,,,,,,,,,,,
Louisana,8/13/2016,225,2016,0.563328838,NA,,,,,,,,,,,,,,,,,,,
Louisana,8/29/2016,241,2016,0.525460091,NA,,,,,,,,,,,,,,,,,,,
Louisana,9/14/2016,258,2016,0.482122879,NA,,,,,,,,,,,,,,,,,,,
Louisana,9/30/2016,273,2016,0.447031874,NA,,,,,,,,,,,,,,,,,,,
Louisana,10/16/2016,289,2016,0.357923569,NA,,,,,,,,,,,,,,,,,,,
Louisana,11/1/2016,305,2016,0.288979656,NA,,,,,,,,,,,,,,,,,,,
Louisana,11/17/2016,321,2016,0.215791593,NA,,,,,,,,,,,,,,,,,,,
Louisana,12/3/2016,337,2016,0.133234828,NA,,,,,,,,,,,,,,,,,,,
Louisana,12/19/2016,353,2016,0.090728577,NA,,,,,,,,,,,,,,,,,,,
Louisana,1/1/2017,1,2017,0.125961992,NA,,,,,,,,,,,,,,,,,,,
Louisana,1/17/2017,17,2017,0.181515072,NA,,,,,,,,,,,,,,,,,,,
Louisana,2/2/2017,33,2017,0.162347185,NA,,,,,,,,,,,,,,,,,,,
Louisana,2/18/2017,49,2017,0.284506454,NA,,,,,,,,,,,,,,,,,,,
Louisana,3/6/2017,65,2017,0.271036328,NA,,,,,,,,,,,,,,,,,,,
Louisana,3/22/2017,81,2017,0.39366153,NA,,,,,,,,,,,,,,,,,,,
Louisana,4/7/2017,97,2017,0.41051362,NA,,,,,,,,,,,,,,,,,,,
Louisana,4/23/2017,113,2017,0.439612061,NA,,,,,,,,,,,,,,,,,,,
Louisana,5/9/2017,129,2017,0.493386144,NA,,,,,,,,,,,,,,,,,,,
Louisana,5/25/2017,145,2017,0.516413708,NA,,,,,,,,,,,,,,,,,,,
Louisana,6/10/2017,161,2017,0.567898515,NA,,,,,,,,,,,,,,,,,,,
Louisana,6/26/2017,177,2017,0.553561168,NA,,,,,,,,,,,,,,,,,,,
Louisana,7/12/2017,193,2017,0.614153217,NA,,,,,,,,,,,,,,,,,,,
Louisana,7/28/2017,209,2017,0.541109264,NA,,,,,,,,,,,,,,,,,,,
Louisana,8/13/2017,225,2017,0.550685855,NA,,,,,,,,,,,,,,,,,,,
Louisana,8/29/2017,241,2017,0.508482072,NA,,,,,,,,,,,,,,,,,,,
Louisana,9/14/2017,258,2017,0.484995206,NA,,,,,,,,,,,,,,,,,,,
Louisana,9/30/2017,273,2017,0.393473616,NA,,,,,,,,,,,,,,,,,,,
Louisana,10/16/2017,289,2017,0.267424162,NA,,,,,,,,,,,,,,,,,,,
Louisana,11/1/2017,305,2017,0.241868864,NA,,,,,,,,,,,,,,,,,,,
Louisana,11/17/2017,321,2017,0.177135717,NA,,,,,,,,,,,,,,,,,,,
Louisana,12/3/2017,337,2017,0.099937875,NA,,,,,,,,,,,,,,,,,,,
Louisana,12/19/2017,353,2017,0.087422328,NA,,,,,,,,,,,,,,,,,,,
Louisana,1/1/2018,1,2018,0.057110743,NA,,,,,,,,,,,,,,,,,,,
Louisana,1/17/2018,17,2018,0.101926517,NA,,,,,,,,,,,,,,,,,,,
Louisana,2/2/2018,33,2018,0.108365425,NA,,,,,,,,,,,,,,,,,,,
Louisana,2/18/2018,49,2018,0.246643403,NA,,,,,,,,,,,,,,,,,,,
Louisana,3/6/2018,65,2018,0.223229048,NA,,,,,,,,,,,,,,,,,,,
Louisana,3/22/2018,81,2018,0.339972301,NA,,,,,,,,,,,,,,,,,,,
Louisana,4/7/2018,97,2018,0.328407549,NA,,,,,,,,,,,,,,,,,,,
Louisana,4/23/2018,113,2018,0.44006507,NA,,,,,,,,,,,,,,,,,,,
Louisana,5/9/2018,129,2018,0.52190914,NA,,,,,,,,,,,,,,,,,,,
Louisana,5/25/2018,145,2018,0.55875625,NA,,,,,,,,,,,,,,,,,,,
Louisana,6/10/2018,161,2018,0.578445066,NA,,,,,,,,,,,,,,,,,,,
Louisana,6/26/2018,177,2018,0.59420855,NA,,,,,,,,,,,,,,,,,,,
Louisana,7/12/2018,193,2018,0.60851009,NA,,,,,,,,,,,,,,,,,,,
Louisana,7/28/2018,209,2018,0.603666439,NA,,,,,,,,,,,,,,,,,,,
Louisana,8/13/2018,225,2018,0.581598653,NA,,,,,,,,,,,,,,,,,,,
Louisana,8/29/2018,241,2018,0.538999232,NA,,,,,,,,,,,,,,,,,,,
Louisana,9/14/2018,258,2018,0.414918831,NA,,,,,,,,,,,,,,,,,,,
Louisana,9/30/2018,273,2018,0.401307557,NA,,,,,,,,,,,,,,,,,,,
Louisana,10/16/2018,289,2018,0.307400167,NA,,,,,,,,,,,,,,,,,,,
Louisana,11/1/2018,305,2018,0.181399701,NA,,,,,,,,,,,,,,,,,,,
Louisana,11/17/2018,321,2018,0.161018305,NA,,,,,,,,,,,,,,,,,,,
Louisana,12/3/2018,337,2018,0.116958677,NA,,,,,,,,,,,,,,,,,,,
Louisana,12/19/2018,353,2018,0.091406303,NA,,,,,,,,,,,,,,,,,,,
New Jersey,1/1/2000,1,2000,NA,NA,,,,,,,,,,,,,,,,,,,
New Jersey,1/17/2000,17,2000,NA,NA,,,,,,,,,,,,,,,,,,,
New Jersey,2/2/2000,33,2000,NA,NA,,,,,,,,,,,,,,,,,,,
New Jersey,2/18/2000,49,2000,NA,NA,,,,,,,,,,,,,,,,,,,
New Jersey,3/6/2000,65,2000,NA,NA,,,,,,,,,,,,,,,,,,,
New Jersey,3/22/2000,81,2000,0.064074281,NA,,,,,,,,,,,,,,,,,,,
New Jersey,4/7/2000,97,2000,0.058279101,NA,,,,,,,,,,,,,,,,,,,
New Jersey,4/23/2000,113,2000,0.149986304,NA,,,,,,,,,,,,,,,,,,,
New Jersey,5/9/2000,129,2000,0.207829201,NA,,,,,,,,,,,,,,,,,,,
New Jersey,5/25/2000,145,2000,0.43592243,NA,,,,,,,,,,,,,,,,,,,
New Jersey,6/10/2000,161,2000,0.498276691,NA,,,,,,,,,,,,,,,,,,,
New Jersey,6/26/2000,177,2000,0.776743725,NA,,,,,,,,,,,,,,,,,,,
New Jersey,7/12/2000,193,2000,0.626565955,NA,,,,,,,,,,,,,,,,,,,
New Jersey,7/28/2000,209,2000,0.493253492,NA,,,,,,,,,,,,,,,,,,,
New Jersey,8/13/2000,225,2000,0.465920435,NA,,,,,,,,,,,,,,,,,,,
New Jersey,8/29/2000,241,2000,0.487923589,NA,,,,,,,,,,,,,,,,,,,
New Jersey,9/14/2000,258,2000,0.265098964,NA,,,,,,,,,,,,,,,,,,,
New Jersey,9/30/2000,273,2000,0.194812592,NA,,,,,,,,,,,,,,,,,,,
New Jersey,10/16/2000,289,2000,0.11192283,NA,,,,,,,,,,,,,,,,,,,
New Jersey,11/1/2000,305,2000,0.052931456,NA,,,,,,,,,,,,,,,,,,,
New Jersey,11/17/2000,321,2000,0.008634871,NA,,,,,,,,,,,,,,,,,,,
New Jersey,12/3/2000,337,2000,0.00013741,NA,,,,,,,,,,,,,,,,,,,
New Jersey,12/19/2000,353,2000,0,NA,,,,,,,,,,,,,,,,,,,
New Jersey,1/1/2001,1,2001,0.000277204,NA,,,,,,,,,,,,,,,,,,,
New Jersey,1/17/2001,17,2001,4.63E-05,NA,,,,,,,,,,,,,,,,,,,
New Jersey,2/2/2001,33,2001,0.000469568,NA,,,,,,,,,,,,,,,,,,,
New Jersey,2/18/2001,49,2001,0,NA,,,,,,,,,,,,,,,,,,,
New Jersey,3/6/2001,65,2001,0.012008083,NA,,,,,,,,,,,,,,,,,,,
New Jersey,3/22/2001,81,2001,0.023006141,NA,,,,,,,,,,,,,,,,,,,
New Jersey,4/7/2001,97,2001,0.081065708,NA,,,,,,,,,,,,,,,,,,,
New Jersey,4/23/2001,113,2001,0.264620422,NA,,,,,,,,,,,,,,,,,,,
New Jersey,5/9/2001,129,2001,0.210259005,NA,,,,,,,,,,,,,,,,,,,
New Jersey,5/25/2001,145,2001,0.457170944,NA,,,,,,,,,,,,,,,,,,,
New Jersey,6/10/2001,161,2001,0.61273419,NA,,,,,,,,,,,,,,,,,,,
New Jersey,6/26/2001,177,2001,0.783408246,NA,,,,,,,,,,,,,,,,,,,
New Jersey,7/12/2001,193,2001,0.701170378,NA,,,,,,,,,,,,,,,,,,,
New Jersey,7/28/2001,209,2001,0.765608916,NA,,,,,,,,,,,,,,,,,,,
New Jersey,8/13/2001,225,2001,0.61235086,NA,,,,,,,,,,,,,,,,,,,
New Jersey,8/29/2001,241,2001,0.529016082,NA,,,,,,,,,,,,,,,,,,,
New Jersey,9/14/2001,258,2001,0.300925507,NA,,,,,,,,,,,,,,,,,,,
New Jersey,9/30/2001,273,2001,0.223774461,NA,,,,,,,,,,,,,,,,,,,
New Jersey,10/16/2001,289,2001,0.132541529,NA,,,,,,,,,,,,,,,,,,,
New Jersey,11/1/2001,305,2001,0.079356448,NA,,,,,,,,,,,,,,,,,,,
New Jersey,11/17/2001,321,2001,0.036166084,NA,,,,,,,,,,,,,,,,,,,
New Jersey,12/3/2001,337,2001,0.020073553,NA,,,,,,,,,,,,,,,,,,,
New Jersey,12/19/2001,353,2001,0,NA,,,,,,,,,,,,,,,,,,,
New Jersey,1/1/2002,1,2002,5.29E-05,NA,,,,,,,,,,,,,,,,,,,
New Jersey,1/17/2002,17,2002,0.013449143,NA,,,,,,,,,,,,,,,,,,,
New Jersey,2/2/2002,33,2002,0.006348061,NA,,,,,,,,,,,,,,,,,,,
New Jersey,2/18/2002,49,2002,0.023232199,NA,,,,,,,,,,,,,,,,,,,
New Jersey,3/6/2002,65,2002,0.031125788,NA,,,,,,,,,,,,,,,,,,,
New Jersey,3/22/2002,81,2002,0.049910892,NA,,,,,,,,,,,,,,,,,,,
New Jersey,4/7/2002,97,2002,0.136288682,NA,,,,,,,,,,,,,,,,,,,
New Jersey,4/23/2002,113,2002,0.148819005,NA,,,,,,,,,,,,,,,,,,,
New Jersey,5/9/2002,129,2002,0.219777286,NA,,,,,,,,,,,,,,,,,,,
New Jersey,5/25/2002,145,2002,0.465209039,NA,,,,,,,,,,,,,,,,,,,
New Jersey,6/10/2002,161,2002,0.543476582,NA,,,,,,,,,,,,,,,,,,,
New Jersey,6/26/2002,177,2002,0.830409367,NA,,,,,,,,,,,,,,,,,,,
New Jersey,7/12/2002,193,2002,0.634990108,NA,,,,,,,,,,,,,,,,,,,
New Jersey,7/28/2002,209,2002,0.776848926,NA,,,,,,,,,,,,,,,,,,,
New Jersey,8/13/2002,225,2002,0.544444109,NA,,,,,,,,,,,,,,,,,,,
New Jersey,8/29/2002,241,2002,0.407014674,NA,,,,,,,,,,,,,,,,,,,
New Jersey,9/14/2002,258,2002,0.357970102,NA,,,,,,,,,,,,,,,,,,,
New Jersey,9/30/2002,273,2002,0.175325372,NA,,,,,,,,,,,,,,,,,,,
New Jersey,10/16/2002,289,2002,0.068793081,NA,,,,,,,,,,,,,,,,,,,
New Jersey,11/1/2002,305,2002,0.04243776,NA,,,,,,,,,,,,,,,,,,,
New Jersey,11/17/2002,321,2002,0.011473956,NA,,,,,,,,,,,,,,,,,,,
New Jersey,12/3/2002,337,2002,0,NA,,,,,,,,,,,,,,,,,,,
New Jersey,12/19/2002,353,2002,0.002440388,NA,,,,,,,,,,,,,,,,,,,
New Jersey,1/1/2003,1,2003,0,NA,,,,,,,,,,,,,,,,,,,
New Jersey,1/17/2003,17,2003,8.22E-05,NA,,,,,,,,,,,,,,,,,,,
New Jersey,2/2/2003,33,2003,0.000206412,NA,,,,,,,,,,,,,,,,,,,
New Jersey,2/18/2003,49,2003,0.001308784,NA,,,,,,,,,,,,,,,,,,,
New Jersey,3/6/2003,65,2003,0.011142622,NA,,,,,,,,,,,,,,,,,,,
New Jersey,3/22/2003,81,2003,0.037400603,NA,,,,,,,,,,,,,,,,,,,
New Jersey,4/7/2003,97,2003,0.055364231,NA,,,,,,,,,,,,,,,,,,,
New Jersey,4/23/2003,113,2003,0.126191444,NA,,,,,,,,,,,,,,,,,,,
New Jersey,5/9/2003,129,2003,0.135705174,NA,,,,,,,,,,,,,,,,,,,
New Jersey,5/25/2003,145,2003,0.227177502,NA,,,,,,,,,,,,,,,,,,,
New Jersey,6/10/2003,161,2003,0.436800086,NA,,,,,,,,,,,,,,,,,,,
New Jersey,6/26/2003,177,2003,0.784227735,NA,,,,,,,,,,,,,,,,,,,
New Jersey,7/12/2003,193,2003,0.771334593,NA,,,,,,,,,,,,,,,,,,,
New Jersey,7/28/2003,209,2003,0.503977326,NA,,,,,,,,,,,,,,,,,,,
New Jersey,8/13/2003,225,2003,0.732175712,NA,,,,,,,,,,,,,,,,,,,
New Jersey,8/29/2003,241,2003,0.378064857,NA,,,,,,,,,,,,,,,,,,,
New Jersey,9/14/2003,258,2003,0.305361154,NA,,,,,,,,,,,,,,,,,,,
New Jersey,9/30/2003,273,2003,0.154782234,NA,,,,,,,,,,,,,,,,,,,
New Jersey,10/16/2003,289,2003,0.079845365,NA,,,,,,,,,,,,,,,,,,,
New Jersey,11/1/2003,305,2003,0.036854863,NA,,,,,,,,,,,,,,,,,,,
New Jersey,11/17/2003,321,2003,0.020191185,NA,,,,,,,,,,,,,,,,,,,
New Jersey,12/3/2003,337,2003,0,NA,,,,,,,,,,,,,,,,,,,
New Jersey,12/19/2003,353,2003,0.008933586,NA,,,,,,,,,,,,,,,,,,,
New Jersey,1/1/2004,1,2004,6.33E-06,NA,,,,,,,,,,,,,,,,,,,
New Jersey,1/17/2004,17,2004,0.001896363,NA,,,,,,,,,,,,,,,,,,,
New Jersey,2/2/2004,33,2004,0.000521853,NA,,,,,,,,,,,,,,,,,,,
New Jersey,2/18/2004,49,2004,0.011964107,NA,,,,,,,,,,,,,,,,,,,
New Jersey,3/6/2004,65,2004,0.015479574,NA,,,,,,,,,,,,,,,,,,,
New Jersey,3/22/2004,81,2004,0.028236729,NA,,,,,,,,,,,,,,,,,,,
New Jersey,4/7/2004,97,2004,0.087907311,NA,,,,,,,,,,,,,,,,,,,
New Jersey,4/23/2004,113,2004,0.16021562,NA,,,,,,,,,,,,,,,,,,,
New Jersey,5/9/2004,129,2004,0.372260701,NA,,,,,,,,,,,,,,,,,,,
New Jersey,5/25/2004,145,2004,0.419885313,NA,,,,,,,,,,,,,,,,,,,
New Jersey,6/10/2004,161,2004,0.718435501,NA,,,,,,,,,,,,,,,,,,,
New Jersey,6/26/2004,177,2004,0.724802676,NA,,,,,,,,,,,,,,,,,,,
New Jersey,7/12/2004,193,2004,0.506231041,NA,,,,,,,,,,,,,,,,,,,
New Jersey,7/28/2004,209,2004,0.550870192,NA,,,,,,,,,,,,,,,,,,,
New Jersey,8/13/2004,225,2004,0.531282532,NA,,,,,,,,,,,,,,,,,,,
New Jersey,8/29/2004,241,2004,0.475731734,NA,,,,,,,,,,,,,,,,,,,
New Jersey,9/14/2004,258,2004,0.264169795,NA,,,,,,,,,,,,,,,,,,,
New Jersey,9/30/2004,273,2004,0.172335498,NA,,,,,,,,,,,,,,,,,,,
New Jersey,10/16/2004,289,2004,0.054146331,NA,,,,,,,,,,,,,,,,,,,
New Jersey,11/1/2004,305,2004,0.047202144,NA,,,,,,,,,,,,,,,,,,,
New Jersey,11/17/2004,321,2004,0.025903695,NA,,,,,,,,,,,,,,,,,,,
New Jersey,12/3/2004,337,2004,0.00993567,NA,,,,,,,,,,,,,,,,,,,
New Jersey,12/19/2004,353,2004,1.44E-05,NA,,,,,,,,,,,,,,,,,,,
New Jersey,1/1/2005,1,2005,0.005953697,NA,,,,,,,,,,,,,,,,,,,
New Jersey,1/17/2005,17,2005,0.002468724,NA,,,,,,,,,,,,,,,,,,,
New Jersey,2/2/2005,33,2005,0.006577217,NA,,,,,,,,,,,,,,,,,,,
New Jersey,2/18/2005,49,2005,2.96E-05,NA,,,,,,,,,,,,,,,,,,,
New Jersey,3/6/2005,65,2005,0.000554356,NA,,,,,,,,,,,,,,,,,,,
New Jersey,3/22/2005,81,2005,0.03278393,NA,,,,,,,,,,,,,,,,,,,
New Jersey,4/7/2005,97,2005,0.129846993,NA,,,,,,,,,,,,,,,,,,,
New Jersey,4/23/2005,113,2005,0.087382663,NA,,,,,,,,,,,,,,,,,,,
New Jersey,5/9/2005,129,2005,0.200182151,NA,,,,,,,,,,,,,,,,,,,
New Jersey,5/25/2005,145,2005,0.382153523,NA,,,,,,,,,,,,,,,,,,,
New Jersey,6/10/2005,161,2005,0.664037929,NA,,,,,,,,,,,,,,,,,,,
New Jersey,6/26/2005,177,2005,0.661659854,NA,,,,,,,,,,,,,,,,,,,
New Jersey,7/12/2005,193,2005,0.822950678,NA,,,,,,,,,,,,,,,,,,,
New Jersey,7/28/2005,209,2005,0.729098571,NA,,,,,,,,,,,,,,,,,,,
New Jersey,8/13/2005,225,2005,0.511223124,NA,,,,,,,,,,,,,,,,,,,
New Jersey,8/29/2005,241,2005,0.553213906,NA,,,,,,,,,,,,,,,,,,,
New Jersey,9/14/2005,258,2005,0.338937372,NA,,,,,,,,,,,,,,,,,,,
New Jersey,9/30/2005,273,2005,0.1444897,NA,,,,,,,,,,,,,,,,,,,
New Jersey,10/16/2005,289,2005,0.081667638,NA,,,,,,,,,,,,,,,,,,,
New Jersey,11/1/2005,305,2005,0.0854631,NA,,,,,,,,,,,,,,,,,,,
New Jersey,11/17/2005,321,2005,0.018927051,NA,,,,,,,,,,,,,,,,,,,
New Jersey,12/3/2005,337,2005,7.29E-06,NA,,,,,,,,,,,,,,,,,,,
New Jersey,12/19/2005,353,2005,0.003258012,NA,,,,,,,,,,,,,,,,,,,
New Jersey,1/1/2006,1,2006,0.006032049,NA,,,,,,,,,,,,,,,,,,,
New Jersey,1/17/2006,17,2006,0.009336854,NA,,,,,,,,,,,,,,,,,,,
New Jersey,2/2/2006,33,2006,0.003197871,NA,,,,,,,,,,,,,,,,,,,
New Jersey,2/18/2006,49,2006,3.14E-06,NA,,,,,,,,,,,,,,,,,,,
New Jersey,3/6/2006,65,2006,0.029792844,NA,,,,,,,,,,,,,,,,,,,
New Jersey,3/22/2006,81,2006,0.062052552,NA,,,,,,,,,,,,,,,,,,,
New Jersey,4/7/2006,97,2006,0.120739589,NA,,,,,,,,,,,,,,,,,,,
New Jersey,4/23/2006,113,2006,0.159204753,NA,,,,,,,,,,,,,,,,,,,
New Jersey,5/9/2006,129,2006,0.235526079,NA,,,,,,,,,,,,,,,,,,,
New Jersey,5/25/2006,145,2006,0.397991877,NA,,,,,,,,,,,,,,,,,,,
New Jersey,6/10/2006,161,2006,0.644138505,NA,,,,,,,,,,,,,,,,,,,
New Jersey,6/26/2006,177,2006,0.755390004,NA,,,,,,,,,,,,,,,,,,,
New Jersey,7/12/2006,193,2006,0.818098724,NA,,,,,,,,,,,,,,,,,,,
New Jersey,7/28/2006,209,2006,0.799855494,NA,,,,,,,,,,,,,,,,,,,
New Jersey,8/13/2006,225,2006,0.556330554,NA,,,,,,,,,,,,,,,,,,,
New Jersey,8/29/2006,241,2006,0.324922829,NA,,,,,,,,,,,,,,,,,,,
New Jersey,9/14/2006,258,2006,0.272112666,NA,,,,,,,,,,,,,,,,,,,
New Jersey,9/30/2006,273,2006,0.203997164,NA,,,,,,,,,,,,,,,,,,,
New Jersey,10/16/2006,289,2006,0.085591427,NA,,,,,,,,,,,,,,,,,,,
New Jersey,11/1/2006,305,2006,0.058161168,NA,,,,,,,,,,,,,,,,,,,
New Jersey,11/17/2006,321,2006,0.028588516,NA,,,,,,,,,,,,,,,,,,,
New Jersey,12/3/2006,337,2006,0.013667047,NA,,,,,,,,,,,,,,,,,,,
New Jersey,12/19/2006,353,2006,0.0081002,NA,,,,,,,,,,,,,,,,,,,
New Jersey,1/1/2007,1,2007,0.013482748,NA,,,,,,,,,,,,,,,,,,,
New Jersey,1/17/2007,17,2007,0,NA,,,,,,,,,,,,,,,,,,,
New Jersey,2/2/2007,33,2007,0,NA,,,,,,,,,,,,,,,,,,,
New Jersey,2/18/2007,49,2007,1.98E-05,NA,,,,,,,,,,,,,,,,,,,
New Jersey,3/6/2007,65,2007,0.000416179,NA,,,,,,,,,,,,,,,,,,,
New Jersey,3/22/2007,81,2007,0.052042364,NA,,,,,,,,,,,,,,,,,,,
New Jersey,4/7/2007,97,2007,0.039661822,NA,,,,,,,,,,,,,,,,,,,
New Jersey,4/23/2007,113,2007,0.148793459,NA,,,,,,,,,,,,,,,,,,,
New Jersey,5/9/2007,129,2007,0.265663393,NA,,,,,,,,,,,,,,,,,,,
New Jersey,5/25/2007,145,2007,0.561715752,NA,,,,,,,,,,,,,,,,,,,
New Jersey,6/10/2007,161,2007,0.623965911,NA,,,,,,,,,,,,,,,,,,,
New Jersey,6/26/2007,177,2007,0.769647525,NA,,,,,,,,,,,,,,,,,,,
New Jersey,7/12/2007,193,2007,0.688295584,NA,,,,,,,,,,,,,,,,,,,
New Jersey,7/28/2007,209,2007,0.730933739,NA,,,,,,,,,,,,,,,,,,,
New Jersey,8/13/2007,225,2007,0.427942468,NA,,,,,,,,,,,,,,,,,,,
New Jersey,8/29/2007,241,2007,0.560495997,NA,,,,,,,,,,,,,,,,,,,
New Jersey,9/14/2007,258,2007,0.380453069,NA,,,,,,,,,,,,,,,,,,,
New Jersey,9/30/2007,273,2007,0.21811521,NA,,,,,,,,,,,,,,,,,,,
New Jersey,10/16/2007,289,2007,0.128274611,NA,,,,,,,,,,,,,,,,,,,
New Jersey,11/1/2007,305,2007,0.042409455,NA,,,,,,,,,,,,,,,,,,,
New Jersey,11/17/2007,321,2007,0.013299855,NA,,,,,,,,,,,,,,,,,,,
New Jersey,12/3/2007,337,2007,1.63E-07,NA,,,,,,,,,,,,,,,,,,,
New Jersey,12/19/2007,353,2007,0.005535019,NA,,,,,,,,,,,,,,,,,,,
New Jersey,1/1/2008,1,2008,0.007909969,NA,,,,,,,,,,,,,,,,,,,
New Jersey,1/17/2008,17,2008,7.57E-06,NA,,,,,,,,,,,,,,,,,,,
New Jersey,2/2/2008,33,2008,0.004597593,NA,,,,,,,,,,,,,,,,,,,
New Jersey,2/18/2008,49,2008,0,NA,,,,,,,,,,,,,,,,,,,
New Jersey,3/6/2008,65,2008,0.023199261,NA,,,,,,,,,,,,,,,,,,,
New Jersey,3/22/2008,81,2008,0.032081507,NA,,,,,,,,,,,,,,,,,,,
New Jersey,4/7/2008,97,2008,0.073636723,NA,,,,,,,,,,,,,,,,,,,
New Jersey,4/23/2008,113,2008,0.1349941,NA,,,,,,,,,,,,,,,,,,,
New Jersey,5/9/2008,129,2008,0.148308054,NA,,,,,,,,,,,,,,,,,,,
New Jersey,5/25/2008,145,2008,0.462261338,NA,,,,,,,,,,,,,,,,,,,
New Jersey,6/10/2008,161,2008,0.657338626,NA,,,,,,,,,,,,,,,,,,,
New Jersey,6/26/2008,177,2008,0.73681078,NA,,,,,,,,,,,,,,,,,,,
New Jersey,7/12/2008,193,2008,0.81473065,NA,,,,,,,,,,,,,,,,,,,
New Jersey,7/28/2008,209,2008,0.531714297,NA,,,,,,,,,,,,,,,,,,,
New Jersey,8/13/2008,225,2008,0.565113315,NA,,,,,,,,,,,,,,,,,,,
New Jersey,8/29/2008,241,2008,0.452749161,NA,,,,,,,,,,,,,,,,,,,
New Jersey,9/14/2008,258,2008,0.283505834,NA,,,,,,,,,,,,,,,,,,,
New Jersey,9/30/2008,273,2008,0.205386598,NA,,,,,,,,,,,,,,,,,,,
New Jersey,10/16/2008,289,2008,0.092409896,NA,,,,,,,,,,,,,,,,,,,
New Jersey,11/1/2008,305,2008,0.04382895,NA,,,,,,,,,,,,,,,,,,,
New Jersey,11/17/2008,321,2008,0.004872874,NA,,,,,,,,,,,,,,,,,,,
New Jersey,12/3/2008,337,2008,0.004465793,NA,,,,,,,,,,,,,,,,,,,
New Jersey,12/19/2008,353,2008,0.000355362,NA,,,,,,,,,,,,,,,,,,,
New Jersey,1/1/2009,1,2009,2.01E-06,NA,,,,,,,,,,,,,,,,,,,
New Jersey,1/17/2009,17,2009,0.000254649,NA,,,,,,,,,,,,,,,,,,,
New Jersey,2/2/2009,33,2009,0,NA,,,,,,,,,,,,,,,,,,,
New Jersey,2/18/2009,49,2009,0,NA,,,,,,,,,,,,,,,,,,,
New Jersey,3/6/2009,65,2009,0.022566299,NA,,,,,,,,,,,,,,,,,,,
New Jersey,3/22/2009,81,2009,0.034830178,NA,,,,,,,,,,,,,,,,,,,
New Jersey,4/7/2009,97,2009,0.054455556,NA,,,,,,,,,,,,,,,,,,,
New Jersey,4/23/2009,113,2009,0.134838969,NA,,,,,,,,,,,,,,,,,,,
New Jersey,5/9/2009,129,2009,0.318676426,NA,,,,,,,,,,,,,,,,,,,
New Jersey,5/25/2009,145,2009,0.342785008,NA,,,,,,,,,,,,,,,,,,,
New Jersey,6/10/2009,161,2009,0.142196427,NA,,,,,,,,,,,,,,,,,,,
New Jersey,6/26/2009,177,2009,0.652881213,NA,,,,,,,,,,,,,,,,,,,
New Jersey,7/12/2009,193,2009,0.624238156,NA,,,,,,,,,,,,,,,,,,,
New Jersey,7/28/2009,209,2009,0.617555071,NA,,,,,,,,,,,,,,,,,,,
New Jersey,8/13/2009,225,2009,0.628435722,NA,,,,,,,,,,,,,,,,,,,
New Jersey,8/29/2009,241,2009,0.308688313,NA,,,,,,,,,,,,,,,,,,,
New Jersey,9/14/2009,258,2009,0.255954821,NA,,,,,,,,,,,,,,,,,,,
New Jersey,9/30/2009,273,2009,0.140129505,NA,,,,,,,,,,,,,,,,,,,
New Jersey,10/16/2009,289,2009,0.061763437,NA,,,,,,,,,,,,,,,,,,,
New Jersey,11/1/2009,305,2009,0.037276474,NA,,,,,,,,,,,,,,,,,,,
New Jersey,11/17/2009,321,2009,0.021181289,NA,,,,,,,,,,,,,,,,,,,
New Jersey,12/3/2009,337,2009,0.003566927,NA,,,,,,,,,,,,,,,,,,,
New Jersey,12/19/2009,353,2009,0,NA,,,,,,,,,,,,,,,,,,,
New Jersey,1/1/2010,1,2010,1.66E-05,NA,,,,,,,,,,,,,,,,,,,
New Jersey,1/17/2010,17,2010,5.60E-07,NA,,,,,,,,,,,,,,,,,,,
New Jersey,2/2/2010,33,2010,0.000736671,NA,,,,,,,,,,,,,,,,,,,
New Jersey,2/18/2010,49,2010,0.000216381,NA,,,,,,,,,,,,,,,,,,,
New Jersey,3/6/2010,65,2010,0.042890833,NA,,,,,,,,,,,,,,,,,,,
New Jersey,3/22/2010,81,2010,0.060250517,NA,,,,,,,,,,,,,,,,,,,
New Jersey,4/7/2010,97,2010,0.130547267,NA,,,,,,,,,,,,,,,,,,,
New Jersey,4/23/2010,113,2010,0.246802649,NA,,,,,,,,,,,,,,,,,,,
New Jersey,5/9/2010,129,2010,0.256342365,NA,,,,,,,,,,,,,,,,,,,
New Jersey,5/25/2010,145,2010,0.566437998,NA,,,,,,,,,,,,,,,,,,,
New Jersey,6/10/2010,161,2010,0.663771328,NA,,,,,,,,,,,,,,,,,,,
New Jersey,6/26/2010,177,2010,0.795584078,NA,,,,,,,,,,,,,,,,,,,
New Jersey,7/12/2010,193,2010,0.717589797,NA,,,,,,,,,,,,,,,,,,,
New Jersey,7/28/2010,209,2010,0.632053144,NA,,,,,,,,,,,,,,,,,,,
New Jersey,8/13/2010,225,2010,0.418162995,NA,,,,,,,,,,,,,,,,,,,
New Jersey,8/29/2010,241,2010,0.479812078,NA,,,,,,,,,,,,,,,,,,,
New Jersey,9/14/2010,258,2010,0.335322811,NA,,,,,,,,,,,,,,,,,,,
New Jersey,9/30/2010,273,2010,0.160334347,NA,,,,,,,,,,,,,,,,,,,
New Jersey,10/16/2010,289,2010,0.09958928,NA,,,,,,,,,,,,,,,,,,,
New Jersey,11/1/2010,305,2010,0.044628763,NA,,,,,,,,,,,,,,,,,,,
New Jersey,11/17/2010,321,2010,0.023357506,NA,,,,,,,,,,,,,,,,,,,
New Jersey,12/3/2010,337,2010,1.92E-05,NA,,,,,,,,,,,,,,,,,,,
New Jersey,12/19/2010,353,2010,0.000267272,NA,,,,,,,,,,,,,,,,,,,
New Jersey,1/1/2011,1,2011,0.000213005,NA,,,,,,,,,,,,,,,,,,,
New Jersey,1/17/2011,17,2011,0.00033697,NA,,,,,,,,,,,,,,,,,,,
New Jersey,2/2/2011,33,2011,0.003775619,NA,,,,,,,,,,,,,,,,,,,
New Jersey,2/18/2011,49,2011,0.002060985,NA,,,,,,,,,,,,,,,,,,,
New Jersey,3/6/2011,65,2011,0.030001785,NA,,,,,,,,,,,,,,,,,,,
New Jersey,3/22/2011,81,2011,0.018320606,NA,,,,,,,,,,,,,,,,,,,
New Jersey,4/7/2011,97,2011,0.062765636,NA,,,,,,,,,,,,,,,,,,,
New Jersey,4/23/2011,113,2011,0.168360134,NA,,,,,,,,,,,,,,,,,,,
New Jersey,5/9/2011,129,2011,0.177308918,NA,,,,,,,,,,,,,,,,,,,
New Jersey,5/25/2011,145,2011,0.60580741,NA,,,,,,,,,,,,,,,,,,,
New Jersey,6/10/2011,161,2011,0.547655515,NA,,,,,,,,,,,,,,,,,,,
New Jersey,6/26/2011,177,2011,0.721552733,NA,,,,,,,,,,,,,,,,,,,
New Jersey,7/12/2011,193,2011,0.833757076,NA,,,,,,,,,,,,,,,,,,,
New Jersey,7/28/2011,209,2011,0.643625424,NA,,,,,,,,,,,,,,,,,,,
New Jersey,8/13/2011,225,2011,0.473537834,NA,,,,,,,,,,,,,,,,,,,
New Jersey,8/29/2011,241,2011,0.361595454,NA,,,,,,,,,,,,,,,,,,,
New Jersey,9/14/2011,258,2011,0.243115139,NA,,,,,,,,,,,,,,,,,,,
New Jersey,9/30/2011,273,2011,0.179451603,NA,,,,,,,,,,,,,,,,,,,
New Jersey,10/16/2011,289,2011,0.049000492,NA,,,,,,,,,,,,,,,,,,,
New Jersey,11/1/2011,305,2011,0.055878446,NA,,,,,,,,,,,,,,,,,,,
New Jersey,11/17/2011,321,2011,0.03052985,NA,,,,,,,,,,,,,,,,,,,
New Jersey,12/3/2011,337,2011,0.014231873,NA,,,,,,,,,,,,,,,,,,,
New Jersey,12/19/2011,353,2011,0.009411048,NA,,,,,,,,,,,,,,,,,,,
New Jersey,1/1/2012,1,2012,0.000334804,Sandy,,,,,,,,,,,,,,,,,,,
New Jersey,1/17/2012,17,2012,0.006471174,Sandy,,,,,,,,,,,,,,,,,,,
New Jersey,2/2/2012,33,2012,0.004414176,Sandy,,,,,,,,,,,,,,,,,,,
New Jersey,2/18/2012,49,2012,0.016795743,Sandy,,,,,,,,,,,,,,,,,,,
New Jersey,3/6/2012,65,2012,0.053069145,Sandy,,,,,,,,,,,,,,,,,,,
New Jersey,3/22/2012,81,2012,0.068559356,Sandy,,,,,,,,,,,,,,,,,,,
New Jersey,4/7/2012,97,2012,0.140320053,Sandy,,,,,,,,,,,,,,,,,,,
New Jersey,4/23/2012,113,2012,0.114347688,Sandy,,,,,,,,,,,,,,,,,,,
New Jersey,5/9/2012,129,2012,0.29973916,Sandy,,,,,,,,,,,,,,,,,,,
New Jersey,5/25/2012,145,2012,0.484913893,Sandy,,,,,,,,,,,,,,,,,,,
New Jersey,6/10/2012,161,2012,0.537317539,Sandy,,,,,,,,,,,,,,,,,,,
New Jersey,6/26/2012,177,2012,0.830723084,Sandy,,,,,,,,,,,,,,,,,,,
New Jersey,7/12/2012,193,2012,0.638101334,Sandy,,,,,,,,,,,,,,,,,,,
New Jersey,7/28/2012,209,2012,0.666548951,Sandy,,,,,,,,,,,,,,,,,,,
New Jersey,8/13/2012,225,2012,0.56010681,Sandy,,,,,,,,,,,,,,,,,,,
New Jersey,8/29/2012,241,2012,0.477437439,Sandy,,,,,,,,,,,,,,,,,,,
New Jersey,9/14/2012,258,2012,0.318654419,Sandy,,,,,,,,,,,,,,,,,,,
New Jersey,9/30/2012,273,2012,0.118012042,Sandy,,,,,,,,,,,,,,,,,,,
New Jersey,10/16/2012,289,2012,0.093463773,Sandy,,,,,,,,,,,,,,,,,,,
New Jersey,11/1/2012,305,2012,0.026810025,Sandy,,,,,,,,,,,,,,,,,,,
New Jersey,11/17/2012,321,2012,0.016643032,Sandy,,,,,,,,,,,,,,,,,,,
New Jersey,12/3/2012,337,2012,0.018584848,Sandy,,,,,,,,,,,,,,,,,,,
New Jersey,12/19/2012,353,2012,0.002576444,Sandy,,,,,,,,,,,,,,,,,,,
New Jersey,1/1/2013,1,2013,0.004452567,NA,,,,,,,,,,,,,,,,,,,
New Jersey,1/17/2013,17,2013,0,NA,,,,,,,,,,,,,,,,,,,
New Jersey,2/2/2013,33,2013,0.001492401,NA,,,,,,,,,,,,,,,,,,,
New Jersey,2/18/2013,49,2013,0.000969206,NA,,,,,,,,,,,,,,,,,,,
New Jersey,3/6/2013,65,2013,0.006344473,NA,,,,,,,,,,,,,,,,,,,
New Jersey,3/22/2013,81,2013,0.030996747,NA,,,,,,,,,,,,,,,,,,,
New Jersey,4/7/2013,97,2013,0.108579915,NA,,,,,,,,,,,,,,,,,,,
New Jersey,4/23/2013,113,2013,0.13922674,NA,,,,,,,,,,,,,,,,,,,
New Jersey,5/9/2013,129,2013,0.27712496,NA,,,,,,,,,,,,,,,,,,,
New Jersey,5/25/2013,145,2013,0.466446078,NA,,,,,,,,,,,,,,,,,,,
New Jersey,6/10/2013,161,2013,0.633904353,NA,,,,,,,,,,,,,,,,,,,
New Jersey,6/26/2013,177,2013,0.832484418,NA,,,,,,,,,,,,,,,,,,,
New Jersey,7/12/2013,193,2013,0.709472977,NA,,,,,,,,,,,,,,,,,,,
New Jersey,7/28/2013,209,2013,0.569867122,NA,,,,,,,,,,,,,,,,,,,
New Jersey,8/13/2013,225,2013,0.580692014,NA,,,,,,,,,,,,,,,,,,,
New Jersey,8/29/2013,241,2013,0.452265372,NA,,,,,,,,,,,,,,,,,,,
New Jersey,9/14/2013,258,2013,0.26390892,NA,,,,,,,,,,,,,,,,,,,
New Jersey,9/30/2013,273,2013,0.187681628,NA,,,,,,,,,,,,,,,,,,,
New Jersey,10/16/2013,289,2013,0.100728482,NA,,,,,,,,,,,,,,,,,,,
New Jersey,11/1/2013,305,2013,0.040468548,NA,,,,,,,,,,,,,,,,,,,
New Jersey,11/17/2013,321,2013,0.01310089,NA,,,,,,,,,,,,,,,,,,,
New Jersey,12/3/2013,337,2013,3.78E-05,NA,,,,,,,,,,,,,,,,,,,
New Jersey,12/19/2013,353,2013,0.003159231,NA,,,,,,,,,,,,,,,,,,,
New Jersey,1/1/2014,1,2014,0.000715441,NA,,,,,,,,,,,,,,,,,,,
New Jersey,1/17/2014,17,2014,0.002285777,NA,,,,,,,,,,,,,,,,,,,
New Jersey,2/2/2014,33,2014,0.002589453,NA,,,,,,,,,,,,,,,,,,,
New Jersey,2/18/2014,49,2014,0.001356085,NA,,,,,,,,,,,,,,,,,,,
New Jersey,3/6/2014,65,2014,0.003655947,NA,,,,,,,,,,,,,,,,,,,
New Jersey,3/22/2014,81,2014,0.026093493,NA,,,,,,,,,,,,,,,,,,,
New Jersey,4/7/2014,97,2014,0.088287325,NA,,,,,,,,,,,,,,,,,,,
New Jersey,4/23/2014,113,2014,0.10468219,NA,,,,,,,,,,,,,,,,,,,
New Jersey,5/9/2014,129,2014,0.196589526,NA,,,,,,,,,,,,,,,,,,,
New Jersey,5/25/2014,145,2014,0.399485146,NA,,,,,,,,,,,,,,,,,,,
New Jersey,6/10/2014,161,2014,0.548904835,NA,,,,,,,,,,,,,,,,,,,
New Jersey,6/26/2014,177,2014,0.697625601,NA,,,,,,,,,,,,,,,,,,,
New Jersey,7/12/2014,193,2014,0.675704027,NA,,,,,,,,,,,,,,,,,,,
New Jersey,7/28/2014,209,2014,0.616455554,NA,,,,,,,,,,,,,,,,,,,
New Jersey,8/13/2014,225,2014,0.525688433,NA,,,,,,,,,,,,,,,,,,,
New Jersey,8/29/2014,241,2014,0.427241425,NA,,,,,,,,,,,,,,,,,,,
New Jersey,9/14/2014,258,2014,0.294974283,NA,,,,,,,,,,,,,,,,,,,
New Jersey,9/30/2014,273,2014,0.173393576,NA,,,,,,,,,,,,,,,,,,,
New Jersey,10/16/2014,289,2014,0.0925306,NA,,,,,,,,,,,,,,,,,,,
New Jersey,11/1/2014,305,2014,0.037185541,NA,,,,,,,,,,,,,,,,,,,
New Jersey,11/17/2014,321,2014,0.00856167,NA,,,,,,,,,,,,,,,,,,,
New Jersey,12/3/2014,337,2014,0.004990641,NA,,,,,,,,,,,,,,,,,,,
New Jersey,12/19/2014,353,2014,0.006499523,NA,,,,,,,,,,,,,,,,,,,
New Jersey,1/1/2015,1,2015,0.000118206,NA,,,,,,,,,,,,,,,,,,,
New Jersey,1/17/2015,17,2015,0.000801681,NA,,,,,,,,,,,,,,,,,,,
New Jersey,2/2/2015,33,2015,0.003497378,NA,,,,,,,,,,,,,,,,,,,
New Jersey,2/18/2015,49,2015,0.001921416,NA,,,,,,,,,,,,,,,,,,,
New Jersey,3/6/2015,65,2015,0.000351501,NA,,,,,,,,,,,,,,,,,,,
New Jersey,3/22/2015,81,2015,0.025510798,NA,,,,,,,,,,,,,,,,,,,
New Jersey,4/7/2015,97,2015,0.076927724,NA,,,,,,,,,,,,,,,,,,,
New Jersey,4/23/2015,113,2015,0.149197442,NA,,,,,,,,,,,,,,,,,,,
New Jersey,5/9/2015,129,2015,0.288336761,NA,,,,,,,,,,,,,,,,,,,
New Jersey,5/25/2015,145,2015,0.390362689,NA,,,,,,,,,,,,,,,,,,,
New Jersey,6/10/2015,161,2015,0.637357017,NA,,,,,,,,,,,,,,,,,,,
New Jersey,6/26/2015,177,2015,0.592776874,NA,,,,,,,,,,,,,,,,,,,
New Jersey,7/12/2015,193,2015,0.742691206,NA,,,,,,,,,,,,,,,,,,,
New Jersey,7/28/2015,209,2015,0.736815212,NA,,,,,,,,,,,,,,,,,,,
New Jersey,8/13/2015,225,2015,0.61616025,NA,,,,,,,,,,,,,,,,,,,
New Jersey,8/29/2015,241,2015,0.507445188,NA,,,,,,,,,,,,,,,,,,,
New Jersey,9/14/2015,258,2015,0.383306555,NA,,,,,,,,,,,,,,,,,,,
New Jersey,9/30/2015,273,2015,0.162470782,NA,,,,,,,,,,,,,,,,,,,
New Jersey,10/16/2015,289,2015,0.106193677,NA,,,,,,,,,,,,,,,,,,,
New Jersey,11/1/2015,305,2015,0.048924533,NA,,,,,,,,,,,,,,,,,,,
New Jersey,11/17/2015,321,2015,0.029073474,NA,,,,,,,,,,,,,,,,,,,
New Jersey,12/3/2015,337,2015,0.020156973,NA,,,,,,,,,,,,,,,,,,,
New Jersey,12/19/2015,353,2015,0.014487679,NA,,,,,,,,,,,,,,,,,,,
New Jersey,1/1/2016,1,2016,0.000307896,NA,,,,,,,,,,,,,,,,,,,
New Jersey,1/17/2016,17,2016,0.001157184,NA,,,,,,,,,,,,,,,,,,,
New Jersey,2/2/2016,33,2016,0.000108254,NA,,,,,,,,,,,,,,,,,,,
New Jersey,2/18/2016,49,2016,0.01396142,NA,,,,,,,,,,,,,,,,,,,
New Jersey,3/6/2016,65,2016,0.043323535,NA,,,,,,,,,,,,,,,,,,,
New Jersey,3/22/2016,81,2016,0.046651185,NA,,,,,,,,,,,,,,,,,,,
New Jersey,4/7/2016,97,2016,0.085907559,NA,,,,,,,,,,,,,,,,,,,
New Jersey,4/23/2016,113,2016,0.080429331,NA,,,,,,,,,,,,,,,,,,,
New Jersey,5/9/2016,129,2016,0.197665425,NA,,,,,,,,,,,,,,,,,,,
New Jersey,5/25/2016,145,2016,0.377881466,NA,,,,,,,,,,,,,,,,,,,
New Jersey,6/10/2016,161,2016,0.636926534,NA,,,,,,,,,,,,,,,,,,,
New Jersey,6/26/2016,177,2016,0.650407752,NA,,,,,,,,,,,,,,,,,,,
New Jersey,7/12/2016,193,2016,0.826928909,NA,,,,,,,,,,,,,,,,,,,
New Jersey,7/28/2016,209,2016,0.665729582,NA,,,,,,,,,,,,,,,,,,,
New Jersey,8/13/2016,225,2016,0.708356994,NA,,,,,,,,,,,,,,,,,,,
New Jersey,8/29/2016,241,2016,0.531263141,NA,,,,,,,,,,,,,,,,,,,
New Jersey,9/14/2016,258,2016,0.360988686,NA,,,,,,,,,,,,,,,,,,,
New Jersey,9/30/2016,273,2016,0.12753574,NA,,,,,,,,,,,,,,,,,,,
New Jersey,10/16/2016,289,2016,0.115664056,NA,,,,,,,,,,,,,,,,,,,
New Jersey,11/1/2016,305,2016,0.069903282,NA,,,,,,,,,,,,,,,,,,,
New Jersey,11/17/2016,321,2016,0.026662586,NA,,,,,,,,,,,,,,,,,,,
New Jersey,12/3/2016,337,2016,0.002513088,NA,,,,,,,,,,,,,,,,,,,
New Jersey,12/19/2016,353,2016,0.003557565,NA,,,,,,,,,,,,,,,,,,,
New Jersey,1/1/2017,1,2017,6.46E-06,NA,,,,,,,,,,,,,,,,,,,
New Jersey,1/17/2017,17,2017,0.003865645,NA,,,,,,,,,,,,,,,,,,,
New Jersey,2/2/2017,33,2017,9.63E-05,NA,,,,,,,,,,,,,,,,,,,
New Jersey,2/18/2017,49,2017,0.032373975,NA,,,,,,,,,,,,,,,,,,,
New Jersey,3/6/2017,65,2017,0.000332131,NA,,,,,,,,,,,,,,,,,,,
New Jersey,3/22/2017,81,2017,0.026342728,NA,,,,,,,,,,,,,,,,,,,
New Jersey,4/7/2017,97,2017,0.099389139,NA,,,,,,,,,,,,,,,,,,,
New Jersey,4/23/2017,113,2017,0.114298211,NA,,,,,,,,,,,,,,,,,,,
New Jersey,5/9/2017,129,2017,0.273945508,NA,,,,,,,,,,,,,,,,,,,
New Jersey,5/25/2017,145,2017,0.276811256,NA,,,,,,,,,,,,,,,,,,,
New Jersey,6/10/2017,161,2017,0.665502204,NA,,,,,,,,,,,,,,,,,,,
New Jersey,6/26/2017,177,2017,0.724557754,NA,,,,,,,,,,,,,,,,,,,
New Jersey,7/12/2017,193,2017,0.65717186,NA,,,,,,,,,,,,,,,,,,,
New Jersey,7/28/2017,209,2017,0.672530557,NA,,,,,,,,,,,,,,,,,,,
New Jersey,8/13/2017,225,2017,0.614460501,NA,,,,,,,,,,,,,,,,,,,
New Jersey,8/29/2017,241,2017,0.414889976,NA,,,,,,,,,,,,,,,,,,,
New Jersey,9/14/2017,258,2017,0.293879346,NA,,,,,,,,,,,,,,,,,,,
New Jersey,9/30/2017,273,2017,0.199769133,NA,,,,,,,,,,,,,,,,,,,
New Jersey,10/16/2017,289,2017,0.126228113,NA,,,,,,,,,,,,,,,,,,,
New Jersey,11/1/2017,305,2017,0.030502262,NA,,,,,,,,,,,,,,,,,,,
New Jersey,11/17/2017,321,2017,0.025947435,NA,,,,,,,,,,,,,,,,,,,
New Jersey,12/3/2017,337,2017,0.000555296,NA,,,,,,,,,,,,,,,,,,,
New Jersey,12/19/2017,353,2017,7.68E-06,NA,,,,,,,,,,,,,,,,,,,
New Jersey,1/1/2018,1,2018,0.000594287,NA,,,,,,,,,,,,,,,,,,,
New Jersey,1/17/2018,17,2018,0.001041443,NA,,,,,,,,,,,,,,,,,,,
New Jersey,2/2/2018,33,2018,0.002004267,NA,,,,,,,,,,,,,,,,,,,
New Jersey,2/18/2018,49,2018,0.011630464,NA,,,,,,,,,,,,,,,,,,,
New Jersey,3/6/2018,65,2018,1.90E-05,NA,,,,,,,,,,,,,,,,,,,
New Jersey,3/22/2018,81,2018,0.022795801,NA,,,,,,,,,,,,,,,,,,,
New Jersey,4/7/2018,97,2018,0.053224073,NA,,,,,,,,,,,,,,,,,,,
New Jersey,4/23/2018,113,2018,0.151875549,NA,,,,,,,,,,,,,,,,,,,
New Jersey,5/9/2018,129,2018,0.233286094,NA,,,,,,,,,,,,,,,,,,,
New Jersey,5/25/2018,145,2018,0.418156902,NA,,,,,,,,,,,,,,,,,,,
New Jersey,6/10/2018,161,2018,0.622746677,NA,,,,,,,,,,,,,,,,,,,
New Jersey,6/26/2018,177,2018,0.798827223,NA,,,,,,,,,,,,,,,,,,,
New Jersey,7/12/2018,193,2018,0.730102004,NA,,,,,,,,,,,,,,,,,,,
New Jersey,7/28/2018,209,2018,0.712518846,NA,,,,,,,,,,,,,,,,,,,
New Jersey,8/13/2018,225,2018,0.5401394,NA,,,,,,,,,,,,,,,,,,,
New Jersey,8/29/2018,241,2018,0.351616491,NA,,,,,,,,,,,,,,,,,,,
New Jersey,9/14/2018,258,2018,0.224779424,NA,,,,,,,,,,,,,,,,,,,
New Jersey,9/30/2018,273,2018,0.156635819,NA,,,,,,,,,,,,,,,,,,,
New Jersey,10/16/2018,289,2018,0.081409012,NA,,,,,,,,,,,,,,,,,,,
New Jersey,11/1/2018,305,2018,0.035212243,NA,,,,,,,,,,,,,,,,,,,
New Jersey,11/17/2018,321,2018,0.01006993,NA,,,,,,,,,,,,,,,,,,,
New Jersey,12/3/2018,337,2018,0.003282675,NA,,,,,,,,,,,,,,,,,,,
New Jersey,12/19/2018,353,2018,0.00918202,NA,,,,,,,,,,,,,,,,,,,
Texas,1/1/2000,1,2000,NA,NA,,,,,,,,,,,,,,,,,,,
Texas,1/17/2000,17,2000,NA,NA,,,,,,,,,,,,,,,,,,,
Texas,2/2/2000,33,2000,NA,NA,,,,,,,,,,,,,,,,,,,
Texas,2/18/2000,49,2000,NA,NA,,,,,,,,,,,,,,,,,,,
Texas,3/6/2000,65,2000,NA,NA,,,,,,,,,,,,,,,,,,,
Texas,3/22/2000,81,2000,0.457367107,NA,,,,,,,,,,,,,,,,,,,
Texas,4/7/2000,97,2000,0.599654946,NA,,,,,,,,,,,,,,,,,,,
Texas,4/23/2000,113,2000,0.649358441,NA,,,,,,,,,,,,,,,,,,,
Texas,5/9/2000,129,2000,0.731475148,NA,,,,,,,,,,,,,,,,,,,
Texas,5/25/2000,145,2000,0.802127843,NA,,,,,,,,,,,,,,,,,,,
Texas,6/10/2000,161,2000,0.876085712,NA,,,,,,,,,,,,,,,,,,,
Texas,6/26/2000,177,2000,0.936772443,NA,,,,,,,,,,,,,,,,,,,
Texas,7/12/2000,193,2000,0.848432062,NA,,,,,,,,,,,,,,,,,,,
Texas,7/28/2000,209,2000,0.766699295,NA,,,,,,,,,,,,,,,,,,,
Texas,8/13/2000,225,2000,0.77274523,NA,,,,,,,,,,,,,,,,,,,
Texas,8/29/2000,241,2000,0.718365429,NA,,,,,,,,,,,,,,,,,,,
Texas,9/14/2000,258,2000,0.650625906,NA,,,,,,,,,,,,,,,,,,,
Texas,9/30/2000,273,2000,0.444485321,NA,,,,,,,,,,,,,,,,,,,
Texas,10/16/2000,289,2000,0.420933761,NA,,,,,,,,,,,,,,,,,,,
Texas,11/1/2000,305,2000,0.210154369,NA,,,,,,,,,,,,,,,,,,,
Texas,11/17/2000,321,2000,0.141536346,NA,,,,,,,,,,,,,,,,,,,
Texas,12/3/2000,337,2000,0.105830974,NA,,,,,,,,,,,,,,,,,,,
Texas,12/19/2000,353,2000,0.095180451,NA,,,,,,,,,,,,,,,,,,,
Texas,1/1/2001,1,2001,0.101141677,NA,,,,,,,,,,,,,,,,,,,
Texas,1/17/2001,17,2001,0.1058442,NA,,,,,,,,,,,,,,,,,,,
Texas,2/2/2001,33,2001,0.138325114,NA,,,,,,,,,,,,,,,,,,,
Texas,2/18/2001,49,2001,0.158940281,NA,,,,,,,,,,,,,,,,,,,
Texas,3/6/2001,65,2001,0.286156239,NA,,,,,,,,,,,,,,,,,,,
Texas,3/22/2001,81,2001,0.417273614,NA,,,,,,,,,,,,,,,,,,,
Texas,4/7/2001,97,2001,0.690374098,NA,,,,,,,,,,,,,,,,,,,
Texas,4/23/2001,113,2001,0.719097708,NA,,,,,,,,,,,,,,,,,,,
Texas,5/9/2001,129,2001,0.981214133,NA,,,,,,,,,,,,,,,,,,,
Texas,5/25/2001,145,2001,0.789538256,NA,,,,,,,,,,,,,,,,,,,
Texas,6/10/2001,161,2001,0.927255349,NA,,,,,,,,,,,,,,,,,,,
Texas,6/26/2001,177,2001,0.91699933,NA,,,,,,,,,,,,,,,,,,,
Texas,7/12/2001,193,2001,0.876966729,NA,,,,,,,,,,,,,,,,,,,
Texas,7/28/2001,209,2001,0.899004272,NA,,,,,,,,,,,,,,,,,,,
Texas,8/13/2001,225,2001,0.769632403,NA,,,,,,,,,,,,,,,,,,,
Texas,8/29/2001,241,2001,0.654837671,NA,,,,,,,,,,,,,,,,,,,
Texas,9/14/2001,258,2001,0.647735554,NA,,,,,,,,,,,,,,,,,,,
Texas,9/30/2001,273,2001,0.462647562,NA,,,,,,,,,,,,,,,,,,,
Texas,10/16/2001,289,2001,0.407634502,NA,,,,,,,,,,,,,,,,,,,
Texas,11/1/2001,305,2001,0.335812354,NA,,,,,,,,,,,,,,,,,,,
Texas,11/17/2001,321,2001,0.218921371,NA,,,,,,,,,,,,,,,,,,,
Texas,12/3/2001,337,2001,0.150393515,NA,,,,,,,,,,,,,,,,,,,
Texas,12/19/2001,353,2001,0.131623741,NA,,,,,,,,,,,,,,,,,,,
Texas,1/1/2002,1,2002,0.09017617,NA,,,,,,,,,,,,,,,,,,,
Texas,1/17/2002,17,2002,0.116710809,NA,,,,,,,,,,,,,,,,,,,
Texas,2/2/2002,33,2002,0.104169353,NA,,,,,,,,,,,,,,,,,,,
Texas,2/18/2002,49,2002,0.126223031,NA,,,,,,,,,,,,,,,,,,,
Texas,3/6/2002,65,2002,0.202072873,NA,,,,,,,,,,,,,,,,,,,
Texas,3/22/2002,81,2002,0.263380629,NA,,,,,,,,,,,,,,,,,,,
Texas,4/7/2002,97,2002,0.562761066,NA,,,,,,,,,,,,,,,,,,,
Texas,4/23/2002,113,2002,0.880008975,NA,,,,,,,,,,,,,,,,,,,
Texas,5/9/2002,129,2002,0.783783934,NA,,,,,,,,,,,,,,,,,,,
Texas,5/25/2002,145,2002,0.908465772,NA,,,,,,,,,,,,,,,,,,,
Texas,6/10/2002,161,2002,0.918423545,NA,,,,,,,,,,,,,,,,,,,
Texas,6/26/2002,177,2002,0.779173792,NA,,,,,,,,,,,,,,,,,,,
Texas,7/12/2002,193,2002,0.765353717,NA,,,,,,,,,,,,,,,,,,,
Texas,7/28/2002,209,2002,0.830181933,NA,,,,,,,,,,,,,,,,,,,
Texas,8/13/2002,225,2002,0.735080272,NA,,,,,,,,,,,,,,,,,,,
Texas,8/29/2002,241,2002,0.583649322,NA,,,,,,,,,,,,,,,,,,,
Texas,9/14/2002,258,2002,0.538336612,NA,,,,,,,,,,,,,,,,,,,
Texas,9/30/2002,273,2002,0.436414105,NA,,,,,,,,,,,,,,,,,,,
Texas,10/16/2002,289,2002,0.225971681,NA,,,,,,,,,,,,,,,,,,,
Texas,11/1/2002,305,2002,0.233394253,NA,,,,,,,,,,,,,,,,,,,
Texas,11/17/2002,321,2002,0.162575121,NA,,,,,,,,,,,,,,,,,,,
Texas,12/3/2002,337,2002,0.078464587,NA,,,,,,,,,,,,,,,,,,,
Texas,12/19/2002,353,2002,0.077936581,NA,,,,,,,,,,,,,,,,,,,
Texas,1/1/2003,1,2003,0.08356934,NA,,,,,,,,,,,,,,,,,,,
Texas,1/17/2003,17,2003,0.065249817,NA,,,,,,,,,,,,,,,,,,,
Texas,2/2/2003,33,2003,0.064386163,NA,,,,,,,,,,,,,,,,,,,
Texas,2/18/2003,49,2003,0.086065295,NA,,,,,,,,,,,,,,,,,,,
Texas,3/6/2003,65,2003,0.198461894,NA,,,,,,,,,,,,,,,,,,,
Texas,3/22/2003,81,2003,0.292192254,NA,,,,,,,,,,,,,,,,,,,
Texas,4/7/2003,97,2003,0.431522889,NA,,,,,,,,,,,,,,,,,,,
Texas,4/23/2003,113,2003,0.748162057,NA,,,,,,,,,,,,,,,,,,,
Texas,5/9/2003,129,2003,0.924806768,NA,,,,,,,,,,,,,,,,,,,
Texas,5/25/2003,145,2003,0.914511732,NA,,,,,,,,,,,,,,,,,,,
Texas,6/10/2003,161,2003,0.82908623,NA,,,,,,,,,,,,,,,,,,,
Texas,6/26/2003,177,2003,0.814014541,NA,,,,,,,,,,,,,,,,,,,
Texas,7/12/2003,193,2003,0.919792586,NA,,,,,,,,,,,,,,,,,,,
Texas,7/28/2003,209,2003,0.835833334,NA,,,,,,,,,,,,,,,,,,,
Texas,8/13/2003,225,2003,0.680113486,NA,,,,,,,,,,,,,,,,,,,
Texas,8/29/2003,241,2003,0.621473007,NA,,,,,,,,,,,,,,,,,,,
Texas,9/14/2003,258,2003,0.542231015,NA,,,,,,,,,,,,,,,,,,,
Texas,9/30/2003,273,2003,0.471741193,NA,,,,,,,,,,,,,,,,,,,
Texas,10/16/2003,289,2003,0.419104433,NA,,,,,,,,,,,,,,,,,,,
Texas,11/1/2003,305,2003,0.315527064,NA,,,,,,,,,,,,,,,,,,,
Texas,11/17/2003,321,2003,0.209359924,NA,,,,,,,,,,,,,,,,,,,
Texas,12/3/2003,337,2003,0.134452522,NA,,,,,,,,,,,,,,,,,,,
Texas,12/19/2003,353,2003,0.140817793,NA,,,,,,,,,,,,,,,,,,,
Texas,1/1/2004,1,2004,0.088058755,NA,,,,,,,,,,,,,,,,,,,
Texas,1/17/2004,17,2004,0.098552973,NA,,,,,,,,,,,,,,,,,,,
Texas,2/2/2004,33,2004,0.082272559,NA,,,,,,,,,,,,,,,,,,,
Texas,2/18/2004,49,2004,0.141651947,NA,,,,,,,,,,,,,,,,,,,
Texas,3/6/2004,65,2004,0.231237449,NA,,,,,,,,,,,,,,,,,,,
Texas,3/22/2004,81,2004,0.423829763,NA,,,,,,,,,,,,,,,,,,,
Texas,4/7/2004,97,2004,0.586543246,NA,,,,,,,,,,,,,,,,,,,
Texas,4/23/2004,113,2004,0.683885367,NA,,,,,,,,,,,,,,,,,,,
Texas,5/9/2004,129,2004,0.744337824,NA,,,,,,,,,,,,,,,,,,,
Texas,5/25/2004,145,2004,0.892040503,NA,,,,,,,,,,,,,,,,,,,
Texas,6/10/2004,161,2004,0.857294826,NA,,,,,,,,,,,,,,,,,,,
Texas,6/26/2004,177,2004,0.817633337,NA,,,,,,,,,,,,,,,,,,,
Texas,7/12/2004,193,2004,0.890478537,NA,,,,,,,,,,,,,,,,,,,
Texas,7/28/2004,209,2004,0.801552128,NA,,,,,,,,,,,,,,,,,,,
Texas,8/13/2004,225,2004,0.77120704,NA,,,,,,,,,,,,,,,,,,,
Texas,8/29/2004,241,2004,0.625468053,NA,,,,,,,,,,,,,,,,,,,
Texas,9/14/2004,258,2004,0.727372614,NA,,,,,,,,,,,,,,,,,,,
Texas,9/30/2004,273,2004,0.456697953,NA,,,,,,,,,,,,,,,,,,,
Texas,10/16/2004,289,2004,0.503038106,NA,,,,,,,,,,,,,,,,,,,
Texas,11/1/2004,305,2004,0.274771175,NA,,,,,,,,,,,,,,,,,,,
Texas,11/17/2004,321,2004,0.17297344,NA,,,,,,,,,,,,,,,,,,,
Texas,12/3/2004,337,2004,0.123079277,NA,,,,,,,,,,,,,,,,,,,
Texas,12/19/2004,353,2004,0.082452319,NA,,,,,,,,,,,,,,,,,,,
Texas,1/1/2005,1,2005,0.096269844,NA,,,,,,,,,,,,,,,,,,,
Texas,1/17/2005,17,2005,0.089622917,NA,,,,,,,,,,,,,,,,,,,
Texas,2/2/2005,33,2005,0.086287398,NA,,,,,,,,,,,,,,,,,,,
Texas,2/18/2005,49,2005,0.136028884,NA,,,,,,,,,,,,,,,,,,,
Texas,3/6/2005,65,2005,0.223065623,NA,,,,,,,,,,,,,,,,,,,
Texas,3/22/2005,81,2005,0.305599644,NA,,,,,,,,,,,,,,,,,,,
Texas,4/7/2005,97,2005,0.486656076,NA,,,,,,,,,,,,,,,,,,,
Texas,4/23/2005,113,2005,0.558303175,NA,,,,,,,,,,,,,,,,,,,
Texas,5/9/2005,129,2005,0.782322302,NA,,,,,,,,,,,,,,,,,,,
Texas,5/25/2005,145,2005,0.801079918,NA,,,,,,,,,,,,,,,,,,,
Texas,6/10/2005,161,2005,0.948777913,NA,,,,,,,,,,,,,,,,,,,
Texas,6/26/2005,177,2005,0.847551565,NA,,,,,,,,,,,,,,,,,,,
Texas,7/12/2005,193,2005,0.695625288,NA,,,,,,,,,,,,,,,,,,,
Texas,7/28/2005,209,2005,0.897172642,NA,,,,,,,,,,,,,,,,,,,
Texas,8/13/2005,225,2005,0.758156628,NA,,,,,,,,,,,,,,,,,,,
Texas,8/29/2005,241,2005,0.664079495,NA,,,,,,,,,,,,,,,,,,,
Texas,9/14/2005,258,2005,0.622431566,NA,,,,,,,,,,,,,,,,,,,
Texas,9/30/2005,273,2005,0.451404149,NA,,,,,,,,,,,,,,,,,,,
Texas,10/16/2005,289,2005,0.389485539,NA,,,,,,,,,,,,,,,,,,,
Texas,11/1/2005,305,2005,0.28504485,NA,,,,,,,,,,,,,,,,,,,
Texas,11/17/2005,321,2005,0.171605833,NA,,,,,,,,,,,,,,,,,,,
Texas,12/3/2005,337,2005,0.105664029,NA,,,,,,,,,,,,,,,,,,,
Texas,12/19/2005,353,2005,0.151069134,NA,,,,,,,,,,,,,,,,,,,
Texas,1/1/2006,1,2006,0.185147335,NA,,,,,,,,,,,,,,,,,,,
Texas,1/17/2006,17,2006,0.136141265,NA,,,,,,,,,,,,,,,,,,,
Texas,2/2/2006,33,2006,0.159244725,NA,,,,,,,,,,,,,,,,,,,
Texas,2/18/2006,49,2006,0.166045265,NA,,,,,,,,,,,,,,,,,,,
Texas,3/6/2006,65,2006,0.280245914,NA,,,,,,,,,,,,,,,,,,,
Texas,3/22/2006,81,2006,0.358171882,NA,,,,,,,,,,,,,,,,,,,
Texas,4/7/2006,97,2006,0.60453077,NA,,,,,,,,,,,,,,,,,,,
Texas,4/23/2006,113,2006,0.648186479,NA,,,,,,,,,,,,,,,,,,,
Texas,5/9/2006,129,2006,0.743097524,NA,,,,,,,,,,,,,,,,,,,
Texas,5/25/2006,145,2006,0.788613873,NA,,,,,,,,,,,,,,,,,,,
Texas,6/10/2006,161,2006,0.794973201,NA,,,,,,,,,,,,,,,,,,,
Texas,6/26/2006,177,2006,0.652418512,NA,,,,,,,,,,,,,,,,,,,
Texas,7/12/2006,193,2006,0.760038653,NA,,,,,,,,,,,,,,,,,,,
Texas,7/28/2006,209,2006,0.924418313,NA,,,,,,,,,,,,,,,,,,,
Texas,8/13/2006,225,2006,0.787701829,NA,,,,,,,,,,,,,,,,,,,
Texas,8/29/2006,241,2006,0.634403711,NA,,,,,,,,,,,,,,,,,,,
Texas,9/14/2006,258,2006,0.677054256,NA,,,,,,,,,,,,,,,,,,,
Texas,9/30/2006,273,2006,0.52105141,NA,,,,,,,,,,,,,,,,,,,
Texas,10/16/2006,289,2006,0.309088469,NA,,,,,,,,,,,,,,,,,,,
Texas,11/1/2006,305,2006,0.284513086,NA,,,,,,,,,,,,,,,,,,,
Texas,11/17/2006,321,2006,0.216125997,NA,,,,,,,,,,,,,,,,,,,
Texas,12/3/2006,337,2006,0.143770613,NA,,,,,,,,,,,,,,,,,,,
Texas,12/19/2006,353,2006,0.089661936,NA,,,,,,,,,,,,,,,,,,,
Texas,1/1/2007,1,2007,0.104443672,NA,,,,,,,,,,,,,,,,,,,
Texas,1/17/2007,17,2007,0.042104113,NA,,,,,,,,,,,,,,,,,,,
Texas,2/2/2007,33,2007,0.095053326,NA,,,,,,,,,,,,,,,,,,,
Texas,2/18/2007,49,2007,0.175515036,NA,,,,,,,,,,,,,,,,,,,
Texas,3/6/2007,65,2007,0.297569869,NA,,,,,,,,,,,,,,,,,,,
Texas,3/22/2007,81,2007,0.446793375,NA,,,,,,,,,,,,,,,,,,,
Texas,4/7/2007,97,2007,0.406940361,NA,,,,,,,,,,,,,,,,,,,
Texas,4/23/2007,113,2007,0.637470092,NA,,,,,,,,,,,,,,,,,,,
Texas,5/9/2007,129,2007,0.717139309,NA,,,,,,,,,,,,,,,,,,,
Texas,5/25/2007,145,2007,0.885331525,NA,,,,,,,,,,,,,,,,,,,
Texas,6/10/2007,161,2007,0.778330566,NA,,,,,,,,,,,,,,,,,,,
Texas,6/26/2007,177,2007,0.646781348,NA,,,,,,,,,,,,,,,,,,,
Texas,7/12/2007,193,2007,0.65857145,NA,,,,,,,,,,,,,,,,,,,
Texas,7/28/2007,209,2007,0.773492806,NA,,,,,,,,,,,,,,,,,,,
Texas,8/13/2007,225,2007,0.722593833,NA,,,,,,,,,,,,,,,,,,,
Texas,8/29/2007,241,2007,0.412188328,NA,,,,,,,,,,,,,,,,,,,
Texas,9/14/2007,258,2007,0.605461527,NA,,,,,,,,,,,,,,,,,,,
Texas,9/30/2007,273,2007,0.497011489,NA,,,,,,,,,,,,,,,,,,,
Texas,10/16/2007,289,2007,0.306302677,NA,,,,,,,,,,,,,,,,,,,
Texas,11/1/2007,305,2007,0.215937524,NA,,,,,,,,,,,,,,,,,,,
Texas,11/17/2007,321,2007,0.107671001,NA,,,,,,,,,,,,,,,,,,,
Texas,12/3/2007,337,2007,0.169344282,NA,,,,,,,,,,,,,,,,,,,
Texas,12/19/2007,353,2007,0.153941792,NA,,,,,,,,,,,,,,,,,,,
Texas,1/1/2008,1,2008,0.109322137,Ike,,,,,,,,,,,,,,,,,,,
Texas,1/17/2008,17,2008,0.05486592,Ike,,,,,,,,,,,,,,,,,,,
Texas,2/2/2008,33,2008,0.145101492,Ike,,,,,,,,,,,,,,,,,,,
Texas,2/18/2008,49,2008,0.162077429,Ike,,,,,,,,,,,,,,,,,,,
Texas,3/6/2008,65,2008,0.226173174,Ike,,,,,,,,,,,,,,,,,,,
Texas,3/22/2008,81,2008,0.344811994,Ike,,,,,,,,,,,,,,,,,,,
Texas,4/7/2008,97,2008,0.48171443,Ike,,,,,,,,,,,,,,,,,,,
Texas,4/23/2008,113,2008,0.613140247,Ike,,,,,,,,,,,,,,,,,,,
Texas,5/9/2008,129,2008,0.693867894,Ike,,,,,,,,,,,,,,,,,,,
Texas,5/25/2008,145,2008,0.907466459,Ike,,,,,,,,,,,,,,,,,,,
Texas,6/10/2008,161,2008,0.846194689,Ike,,,,,,,,,,,,,,,,,,,
Texas,6/26/2008,177,2008,0.787344409,Ike,,,,,,,,,,,,,,,,,,,
Texas,7/12/2008,193,2008,0.779325018,Ike,,,,,,,,,,,,,,,,,,,
Texas,7/28/2008,209,2008,0.792629369,Ike,,,,,,,,,,,,,,,,,,,
Texas,8/13/2008,225,2008,0.722638717,Ike,,,,,,,,,,,,,,,,,,,
Texas,8/29/2008,241,2008,0.670961746,Ike,,,,,,,,,,,,,,,,,,,
Texas,9/14/2008,258,2008,0.250668974,Ike,,,,,,,,,,,,,,,,,,,
Texas,9/30/2008,273,2008,0.294105572,Ike,,,,,,,,,,,,,,,,,,,
Texas,10/16/2008,289,2008,0.227312084,Ike,,,,,,,,,,,,,,,,,,,
Texas,11/1/2008,305,2008,0.17488087,Ike,,,,,,,,,,,,,,,,,,,
Texas,11/17/2008,321,2008,0.123557611,Ike,,,,,,,,,,,,,,,,,,,
Texas,12/3/2008,337,2008,0.069333564,Ike,,,,,,,,,,,,,,,,,,,
Texas,12/19/2008,353,2008,0.057401037,Ike,,,,,,,,,,,,,,,,,,,
Texas,1/1/2009,1,2009,0.074332809,year after Ike,,,,,,,,,,,,,,,,,,,
Texas,1/17/2009,17,2009,0.076421473,year after Ike,,,,,,,,,,,,,,,,,,,
Texas,2/2/2009,33,2009,0.085811716,year after Ike,,,,,,,,,,,,,,,,,,,
Texas,2/18/2009,49,2009,0.108239437,year after Ike,,,,,,,,,,,,,,,,,,,
Texas,3/6/2009,65,2009,0.175748657,year after Ike,,,,,,,,,,,,,,,,,,,
Texas,3/22/2009,81,2009,0.220455811,year after Ike,,,,,,,,,,,,,,,,,,,
Texas,4/7/2009,97,2009,0.23258208,year after Ike,,,,,,,,,,,,,,,,,,,
Texas,4/23/2009,113,2009,0.360856669,year after Ike,,,,,,,,,,,,,,,,,,,
Texas,5/9/2009,129,2009,0.551471174,year after Ike,,,,,,,,,,,,,,,,,,,
Texas,5/25/2009,145,2009,0.659029738,year after Ike,,,,,,,,,,,,,,,,,,,
Texas,6/10/2009,161,2009,0.826852371,year after Ike,,,,,,,,,,,,,,,,,,,
Texas,6/26/2009,177,2009,0.718460108,year after Ike,,,,,,,,,,,,,,,,,,,
Texas,7/12/2009,193,2009,0.666661937,year after Ike,,,,,,,,,,,,,,,,,,,
Texas,7/28/2009,209,2009,0.732828814,year after Ike,,,,,,,,,,,,,,,,,,,
Texas,8/13/2009,225,2009,0.656755863,year after Ike,,,,,,,,,,,,,,,,,,,
Texas,8/29/2009,241,2009,0.589289345,year after Ike,,,,,,,,,,,,,,,,,,,
Texas,9/14/2009,258,2009,0.440803213,year after Ike,,,,,,,,,,,,,,,,,,,
Texas,9/30/2009,273,2009,0.434715133,year after Ike,,,,,,,,,,,,,,,,,,,
Texas,10/16/2009,289,2009,0.237736173,year after Ike,,,,,,,,,,,,,,,,,,,
Texas,11/1/2009,305,2009,0.229025678,year after Ike,,,,,,,,,,,,,,,,,,,
Texas,11/17/2009,321,2009,0.129080401,year after Ike,,,,,,,,,,,,,,,,,,,
Texas,12/3/2009,337,2009,0.058762235,year after Ike,,,,,,,,,,,,,,,,,,,
Texas,12/19/2009,353,2009,0.096403588,year after Ike,,,,,,,,,,,,,,,,,,,
Texas,1/1/2010,1,2010,0.061007723,NA,,,,,,,,,,,,,,,,,,,
Texas,1/17/2010,17,2010,0.09687712,NA,,,,,,,,,,,,,,,,,,,
Texas,2/2/2010,33,2010,0.069451291,NA,,,,,,,,,,,,,,,,,,,
Texas,2/18/2010,49,2010,0.125250173,NA,,,,,,,,,,,,,,,,,,,
Texas,3/6/2010,65,2010,0.19454435,NA,,,,,,,,,,,,,,,,,,,
Texas,3/22/2010,81,2010,0.30029017,NA,,,,,,,,,,,,,,,,,,,
Texas,4/7/2010,97,2010,0.510544292,NA,,,,,,,,,,,,,,,,,,,
Texas,4/23/2010,113,2010,0.663296307,NA,,,,,,,,,,,,,,,,,,,
Texas,5/9/2010,129,2010,0.779641216,NA,,,,,,,,,,,,,,,,,,,
Texas,5/25/2010,145,2010,0.889151736,NA,,,,,,,,,,,,,,,,,,,
Texas,6/10/2010,161,2010,0.935002373,NA,,,,,,,,,,,,,,,,,,,
Texas,6/26/2010,177,2010,0.777740054,NA,,,,,,,,,,,,,,,,,,,
Texas,7/12/2010,193,2010,0.827207934,NA,,,,,,,,,,,,,,,,,,,
Texas,7/28/2010,209,2010,0.764870193,NA,,,,,,,,,,,,,,,,,,,
Texas,8/13/2010,225,2010,0.692253932,NA,,,,,,,,,,,,,,,,,,,
Texas,8/29/2010,241,2010,0.729469566,NA,,,,,,,,,,,,,,,,,,,
Texas,9/14/2010,258,2010,0.630055783,NA,,,,,,,,,,,,,,,,,,,
Texas,9/30/2010,273,2010,0.599913472,NA,,,,,,,,,,,,,,,,,,,
Texas,10/16/2010,289,2010,0.480181651,NA,,,,,,,,,,,,,,,,,,,
Texas,11/1/2010,305,2010,0.222103231,NA,,,,,,,,,,,,,,,,,,,
Texas,11/17/2010,321,2010,0.228036474,NA,,,,,,,,,,,,,,,,,,,
Texas,12/3/2010,337,2010,0.128546146,NA,,,,,,,,,,,,,,,,,,,
Texas,12/19/2010,353,2010,0.083295127,NA,,,,,,,,,,,,,,,,,,,
Texas,1/1/2011,1,2011,0.080862115,NA,,,,,,,,,,,,,,,,,,,
Texas,1/17/2011,17,2011,0.105988036,NA,,,,,,,,,,,,,,,,,,,
Texas,2/2/2011,33,2011,0.083560316,NA,,,,,,,,,,,,,,,,,,,
Texas,2/18/2011,49,2011,0.184785265,NA,,,,,,,,,,,,,,,,,,,
Texas,3/6/2011,65,2011,0.262602536,NA,,,,,,,,,,,,,,,,,,,
Texas,3/22/2011,81,2011,0.457827122,NA,,,,,,,,,,,,,,,,,,,
Texas,4/7/2011,97,2011,0.698842912,NA,,,,,,,,,,,,,,,,,,,
Texas,4/23/2011,113,2011,0.635078636,NA,,,,,,,,,,,,,,,,,,,
Texas,5/9/2011,129,2011,0.730906982,NA,,,,,,,,,,,,,,,,,,,
Texas,5/25/2011,145,2011,0.918109302,NA,,,,,,,,,,,,,,,,,,,
Texas,6/10/2011,161,2011,0.934109257,NA,,,,,,,,,,,,,,,,,,,
Texas,6/26/2011,177,2011,0.850712968,NA,,,,,,,,,,,,,,,,,,,
Texas,7/12/2011,193,2011,0.685541534,NA,,,,,,,,,,,,,,,,,,,
Texas,7/28/2011,209,2011,0.79205421,NA,,,,,,,,,,,,,,,,,,,
Texas,8/13/2011,225,2011,0.707453552,NA,,,,,,,,,,,,,,,,,,,
Texas,8/29/2011,241,2011,0.646720682,NA,,,,,,,,,,,,,,,,,,,
Texas,9/14/2011,258,2011,0.625418983,NA,,,,,,,,,,,,,,,,,,,
Texas,9/30/2011,273,2011,0.54623171,NA,,,,,,,,,,,,,,,,,,,
Texas,10/16/2011,289,2011,0.388720962,NA,,,,,,,,,,,,,,,,,,,
Texas,11/1/2011,305,2011,0.2784285,NA,,,,,,,,,,,,,,,,,,,
Texas,11/17/2011,321,2011,0.225503904,NA,,,,,,,,,,,,,,,,,,,
Texas,12/3/2011,337,2011,0.100464573,NA,,,,,,,,,,,,,,,,,,,
Texas,12/19/2011,353,2011,0.076394898,NA,,,,,,,,,,,,,,,,,,,
Texas,1/1/2012,1,2012,0.125595939,NA,,,,,,,,,,,,,,,,,,,
Texas,1/17/2012,17,2012,0.128912749,NA,,,,,,,,,,,,,,,,,,,
Texas,2/2/2012,33,2012,0.070663692,NA,,,,,,,,,,,,,,,,,,,
Texas,2/18/2012,49,2012,0.160569099,NA,,,,,,,,,,,,,,,,,,,
Texas,3/6/2012,65,2012,0.265132639,NA,,,,,,,,,,,,,,,,,,,
Texas,3/22/2012,81,2012,0.4432427,NA,,,,,,,,,,,,,,,,,,,
Texas,4/7/2012,97,2012,0.566904941,NA,,,,,,,,,,,,,,,,,,,
Texas,4/23/2012,113,2012,0.726962089,NA,,,,,,,,,,,,,,,,,,,
Texas,5/9/2012,129,2012,0.703758441,NA,,,,,,,,,,,,,,,,,,,
Texas,5/25/2012,145,2012,0.868035471,NA,,,,,,,,,,,,,,,,,,,
Texas,6/10/2012,161,2012,0.947381101,NA,,,,,,,,,,,,,,,,,,,
Texas,6/26/2012,177,2012,0.660702545,NA,,,,,,,,,,,,,,,,,,,
Texas,7/12/2012,193,2012,0.742971158,NA,,,,,,,,,,,,,,,,,,,
Texas,7/28/2012,209,2012,0.837055201,NA,,,,,,,,,,,,,,,,,,,
Texas,8/13/2012,225,2012,0.698431153,NA,,,,,,,,,,,,,,,,,,,
Texas,8/29/2012,241,2012,0.726266451,NA,,,,,,,,,,,,,,,,,,,
Texas,9/14/2012,258,2012,0.608499219,NA,,,,,,,,,,,,,,,,,,,
Texas,9/30/2012,273,2012,0.454214938,NA,,,,,,,,,,,,,,,,,,,
Texas,10/16/2012,289,2012,0.426019394,NA,,,,,,,,,,,,,,,,,,,
Texas,11/1/2012,305,2012,0.331929187,NA,,,,,,,,,,,,,,,,,,,
Texas,11/17/2012,321,2012,0.216431482,NA,,,,,,,,,,,,,,,,,,,
Texas,12/3/2012,337,2012,0.162997256,NA,,,,,,,,,,,,,,,,,,,
Texas,12/19/2012,353,2012,0.124483912,NA,,,,,,,,,,,,,,,,,,,
Texas,1/1/2013,1,2013,0.052656314,NA,,,,,,,,,,,,,,,,,,,
Texas,1/17/2013,17,2013,0.179343882,NA,,,,,,,,,,,,,,,,,,,
Texas,2/2/2013,33,2013,0.137643402,NA,,,,,,,,,,,,,,,,,,,
Texas,2/18/2013,49,2013,0.168514879,NA,,,,,,,,,,,,,,,,,,,
Texas,3/6/2013,65,2013,0.276766427,NA,,,,,,,,,,,,,,,,,,,
Texas,3/22/2013,81,2013,0.281617181,NA,,,,,,,,,,,,,,,,,,,
Texas,4/7/2013,97,2013,0.417719074,NA,,,,,,,,,,,,,,,,,,,
Texas,4/23/2013,113,2013,0.49915277,NA,,,,,,,,,,,,,,,,,,,
Texas,5/9/2013,129,2013,0.665572469,NA,,,,,,,,,,,,,,,,,,,
Texas,5/25/2013,145,2013,0.792508528,NA,,,,,,,,,,,,,,,,,,,
Texas,6/10/2013,161,2013,0.9017159,NA,,,,,,,,,,,,,,,,,,,
Texas,6/26/2013,177,2013,0.86748265,NA,,,,,,,,,,,,,,,,,,,
Texas,7/12/2013,193,2013,0.761437841,NA,,,,,,,,,,,,,,,,,,,
Texas,7/28/2013,209,2013,0.817642198,NA,,,,,,,,,,,,,,,,,,,
Texas,8/13/2013,225,2013,0.710543271,NA,,,,,,,,,,,,,,,,,,,
Texas,8/29/2013,241,2013,0.726513225,NA,,,,,,,,,,,,,,,,,,,
Texas,9/14/2013,258,2013,0.58180908,NA,,,,,,,,,,,,,,,,,,,
Texas,9/30/2013,273,2013,0.518481644,NA,,,,,,,,,,,,,,,,,,,
Texas,10/16/2013,289,2013,0.346177397,NA,,,,,,,,,,,,,,,,,,,
Texas,11/1/2013,305,2013,0.23530612,NA,,,,,,,,,,,,,,,,,,,
Texas,11/17/2013,321,2013,0.105834548,NA,,,,,,,,,,,,,,,,,,,
Texas,12/3/2013,337,2013,0.073197171,NA,,,,,,,,,,,,,,,,,,,
Texas,12/19/2013,353,2013,0.074408373,NA,,,,,,,,,,,,,,,,,,,
Texas,1/1/2014,1,2014,0.092808185,NA,,,,,,,,,,,,,,,,,,,
Texas,1/17/2014,17,2014,0.090759725,NA,,,,,,,,,,,,,,,,,,,
Texas,2/2/2014,33,2014,0.063454567,NA,,,,,,,,,,,,,,,,,,,
Texas,2/18/2014,49,2014,0.114408157,NA,,,,,,,,,,,,,,,,,,,
Texas,3/6/2014,65,2014,0.153987624,NA,,,,,,,,,,,,,,,,,,,
Texas,3/22/2014,81,2014,0.238315831,NA,,,,,,,,,,,,,,,,,,,
Texas,4/7/2014,97,2014,0.439165396,NA,,,,,,,,,,,,,,,,,,,
Texas,4/23/2014,113,2014,0.58669003,NA,,,,,,,,,,,,,,,,,,,
Texas,5/9/2014,129,2014,0.654464576,NA,,,,,,,,,,,,,,,,,,,
Texas,5/25/2014,145,2014,0.820465484,NA,,,,,,,,,,,,,,,,,,,
Texas,6/10/2014,161,2014,0.863556573,NA,,,,,,,,,,,,,,,,,,,
Texas,6/26/2014,177,2014,0.750984669,NA,,,,,,,,,,,,,,,,,,,
Texas,7/12/2014,193,2014,0.753679691,NA,,,,,,,,,,,,,,,,,,,
Texas,7/28/2014,209,2014,0.711457248,NA,,,,,,,,,,,,,,,,,,,
Texas,8/13/2014,225,2014,0.730274062,NA,,,,,,,,,,,,,,,,,,,
Texas,8/29/2014,241,2014,0.618322626,NA,,,,,,,,,,,,,,,,,,,
Texas,9/14/2014,258,2014,0.375100542,NA,,,,,,,,,,,,,,,,,,,
Texas,9/30/2014,273,2014,0.56818356,NA,,,,,,,,,,,,,,,,,,,
Texas,10/16/2014,289,2014,0.405487504,NA,,,,,,,,,,,,,,,,,,,
Texas,11/1/2014,305,2014,0.178240728,NA,,,,,,,,,,,,,,,,,,,
Texas,11/17/2014,321,2014,0.153011963,NA,,,,,,,,,,,,,,,,,,,
Texas,12/3/2014,337,2014,0.12851718,NA,,,,,,,,,,,,,,,,,,,
Texas,12/19/2014,353,2014,0.054115484,NA,,,,,,,,,,,,,,,,,,,
Texas,1/1/2015,1,2015,0.040044901,NA,,,,,,,,,,,,,,,,,,,
Texas,1/17/2015,17,2015,0.125851629,NA,,,,,,,,,,,,,,,,,,,
Texas,2/2/2015,33,2015,0.110752654,NA,,,,,,,,,,,,,,,,,,,
Texas,2/18/2015,49,2015,0.07863843,NA,,,,,,,,,,,,,,,,,,,
Texas,3/6/2015,65,2015,0.164121448,NA,,,,,,,,,,,,,,,,,,,
Texas,3/22/2015,81,2015,0.385413413,NA,,,,,,,,,,,,,,,,,,,
Texas,4/7/2015,97,2015,0.373753108,NA,,,,,,,,,,,,,,,,,,,
Texas,4/23/2015,113,2015,0.570992223,NA,,,,,,,,,,,,,,,,,,,
Texas,5/9/2015,129,2015,0.495148267,NA,,,,,,,,,,,,,,,,,,,
Texas,5/25/2015,145,2015,0.753122157,NA,,,,,,,,,,,,,,,,,,,
Texas,6/10/2015,161,2015,0.670974723,NA,,,,,,,,,,,,,,,,,,,
Texas,6/26/2015,177,2015,0.76108024,NA,,,,,,,,,,,,,,,,,,,
Texas,7/12/2015,193,2015,0.859542067,NA,,,,,,,,,,,,,,,,,,,
Texas,7/28/2015,209,2015,0.812481918,NA,,,,,,,,,,,,,,,,,,,
Texas,8/13/2015,225,2015,0.822747143,NA,,,,,,,,,,,,,,,,,,,
Texas,8/29/2015,241,2015,0.701159715,NA,,,,,,,,,,,,,,,,,,,
Texas,9/14/2015,258,2015,0.62297585,NA,,,,,,,,,,,,,,,,,,,
Texas,9/30/2015,273,2015,0.583544807,NA,,,,,,,,,,,,,,,,,,,
Texas,10/16/2015,289,2015,0.332384368,NA,,,,,,,,,,,,,,,,,,,
Texas,11/1/2015,305,2015,0.272239765,NA,,,,,,,,,,,,,,,,,,,
Texas,11/17/2015,321,2015,0.170391881,NA,,,,,,,,,,,,,,,,,,,
Texas,12/3/2015,337,2015,0.192221404,NA,,,,,,,,,,,,,,,,,,,
Texas,12/19/2015,353,2015,0.115332721,NA,,,,,,,,,,,,,,,,,,,
Texas,1/1/2016,1,2016,0.094404845,NA,,,,,,,,,,,,,,,,,,,
Texas,1/17/2016,17,2016,0.134607275,NA,,,,,,,,,,,,,,,,,,,
Texas,2/2/2016,33,2016,0.167509306,NA,,,,,,,,,,,,,,,,,,,
Texas,2/18/2016,49,2016,0.248796715,NA,,,,,,,,,,,,,,,,,,,
Texas,3/6/2016,65,2016,0.283271717,NA,,,,,,,,,,,,,,,,,,,
Texas,3/22/2016,81,2016,0.329790179,NA,,,,,,,,,,,,,,,,,,,
Texas,4/7/2016,97,2016,0.432604901,NA,,,,,,,,,,,,,,,,,,,
Texas,4/23/2016,113,2016,0.567798372,NA,,,,,,,,,,,,,,,,,,,
Texas,5/9/2016,129,2016,0.648705676,NA,,,,,,,,,,,,,,,,,,,
Texas,5/25/2016,145,2016,0.668770092,NA,,,,,,,,,,,,,,,,,,,
Texas,6/10/2016,161,2016,0.7347512,NA,,,,,,,,,,,,,,,,,,,
Texas,6/26/2016,177,2016,0.804795736,NA,,,,,,,,,,,,,,,,,,,
Texas,7/12/2016,193,2016,0.77582885,NA,,,,,,,,,,,,,,,,,,,
Texas,7/28/2016,209,2016,0.806111977,NA,,,,,,,,,,,,,,,,,,,
Texas,8/13/2016,225,2016,0.719264018,NA,,,,,,,,,,,,,,,,,,,
Texas,8/29/2016,241,2016,0.730762469,NA,,,,,,,,,,,,,,,,,,,
Texas,9/14/2016,258,2016,0.66587162,NA,,,,,,,,,,,,,,,,,,,
Texas,9/30/2016,273,2016,0.552668504,NA,,,,,,,,,,,,,,,,,,,
Texas,10/16/2016,289,2016,0.513403737,NA,,,,,,,,,,,,,,,,,,,
Texas,11/1/2016,305,2016,0.276225492,NA,,,,,,,,,,,,,,,,,,,
Texas,11/17/2016,321,2016,0.243735496,NA,,,,,,,,,,,,,,,,,,,
Texas,12/3/2016,337,2016,0.082184669,NA,,,,,,,,,,,,,,,,,,,
Texas,12/19/2016,353,2016,0.146146044,NA,,,,,,,,,,,,,,,,,,,
Texas,1/1/2017,1,2017,0.133083295,NA,,,,,,,,,,,,,,,,,,,
Texas,1/17/2017,17,2017,0.168363746,NA,,,,,,,,,,,,,,,,,,,
Texas,2/2/2017,33,2017,0.160984719,NA,,,,,,,,,,,,,,,,,,,
Texas,2/18/2017,49,2017,0.251486166,NA,,,,,,,,,,,,,,,,,,,
Texas,3/6/2017,65,2017,0.250741704,NA,,,,,,,,,,,,,,,,,,,
Texas,3/22/2017,81,2017,0.432549223,NA,,,,,,,,,,,,,,,,,,,
Texas,4/7/2017,97,2017,0.481461768,NA,,,,,,,,,,,,,,,,,,,
Texas,4/23/2017,113,2017,0.549109779,NA,,,,,,,,,,,,,,,,,,,
Texas,5/9/2017,129,2017,0.661989467,NA,,,,,,,,,,,,,,,,,,,
Texas,5/25/2017,145,2017,0.802594181,NA,,,,,,,,,,,,,,,,,,,
Texas,6/10/2017,161,2017,0.688463645,NA,,,,,,,,,,,,,,,,,,,
Texas,6/26/2017,177,2017,0.748041442,NA,,,,,,,,,,,,,,,,,,,
Texas,7/12/2017,193,2017,0.697690285,NA,,,,,,,,,,,,,,,,,,,
Texas,7/28/2017,209,2017,0.649900847,NA,,,,,,,,,,,,,,,,,,,
Texas,8/13/2017,225,2017,0.660226285,NA,,,,,,,,,,,,,,,,,,,
Texas,8/29/2017,241,2017,0.39389481,NA,,,,,,,,,,,,,,,,,,,
Texas,9/14/2017,258,2017,0.532891247,NA,,,,,,,,,,,,,,,,,,,
Texas,9/30/2017,273,2017,0.419341908,NA,,,,,,,,,,,,,,,,,,,
Texas,10/16/2017,289,2017,0.298071618,NA,,,,,,,,,,,,,,,,,,,
Texas,11/1/2017,305,2017,0.222590413,NA,,,,,,,,,,,,,,,,,,,
Texas,11/17/2017,321,2017,0.211860667,NA,,,,,,,,,,,,,,,,,,,
Texas,12/3/2017,337,2017,0.098284112,NA,,,,,,,,,,,,,,,,,,,
Texas,12/19/2017,353,2017,0.077696408,NA,,,,,,,,,,,,,,,,,,,
Texas,1/1/2018,1,2018,0.058879844,NA,,,,,,,,,,,,,,,,,,,
Texas,1/17/2018,17,2018,0.092079281,NA,,,,,,,,,,,,,,,,,,,
Texas,2/2/2018,33,2018,0.073789483,NA,,,,,,,,,,,,,,,,,,,
Texas,2/18/2018,49,2018,0.212709124,NA,,,,,,,,,,,,,,,,,,,
Texas,3/6/2018,65,2018,0.269546148,NA,,,,,,,,,,,,,,,,,,,
Texas,3/22/2018,81,2018,0.448539155,NA,,,,,,,,,,,,,,,,,,,
Texas,4/7/2018,97,2018,0.402082082,NA,,,,,,,,,,,,,,,,,,,
Texas,4/23/2018,113,2018,0.682912084,NA,,,,,,,,,,,,,,,,,,,
Texas,5/9/2018,129,2018,0.84604742,NA,,,,,,,,,,,,,,,,,,,
Texas,5/25/2018,145,2018,0.949309924,NA,,,,,,,,,,,,,,,,,,,
Texas,6/10/2018,161,2018,0.824277182,NA,,,,,,,,,,,,,,,,,,,
Texas,6/26/2018,177,2018,0.853774304,NA,,,,,,,,,,,,,,,,,,,
Texas,7/12/2018,193,2018,0.916582546,NA,,,,,,,,,,,,,,,,,,,
Texas,7/28/2018,209,2018,0.83835435,NA,,,,,,,,,,,,,,,,,,,
Texas,8/13/2018,225,2018,0.87809322,NA,,,,,,,,,,,,,,,,,,,
Texas,8/29/2018,241,2018,0.545614111,NA,,,,,,,,,,,,,,,,,,,
Texas,9/14/2018,258,2018,0.520505853,NA,,,,,,,,,,,,,,,,,,,
Texas,9/30/2018,273,2018,0.491009566,NA,,,,,,,,,,,,,,,,,,,
Texas,10/16/2018,289,2018,0.256777542,NA,,,,,,,,,,,,,,,,,,,
Texas,11/1/2018,305,2018,0.1774269,NA,,,,,,,,,,,,,,,,,,,
Texas,11/17/2018,321,2018,0.16668136,NA,,,,,,,,,,,,,,,,,,,
Texas,12/3/2018,337,2018,0.109455599,NA,,,,,,,,,,,,,,,,,,,
Texas,12/19/2018,353,2018,0.090046057,NA,,,,,,,,,,,,,,,,,,,
